,Date,Value
2016-09-11,9/11/16,621.65
2016-09-12,9/12/16,609.67
2016-09-13,9/13/16,610.92
2016-09-14,9/14/16,608.82
2016-09-15,9/15/16,610.38
2016-09-16,9/16/16,609.11
2016-09-17,9/17/16,607.04
2016-09-18,9/18/16,611.58
2016-09-19,9/19/16,610.19
2016-09-20,9/20/16,608.66
2016-09-21,9/21/16,598.88
2016-09-22,9/22/16,597.42
2016-09-23,9/23/16,594.08
2016-09-24,9/24/16,603.88
2016-09-25,9/25/16,601.74
2016-09-26,9/26/16,598.98
2016-09-27,9/27/16,605.96
2016-09-28,9/28/16,605.67
2016-09-29,9/29/16,603.85
2016-09-30,9/30/16,609.39
2016-10-01,10/1/16,614.82
2016-10-02,10/2/16,612.98
2016-10-03,10/3/16,611.85
2016-10-04,10/4/16,609.62
2016-10-05,10/5/16,607.18
2016-10-06,10/6/16,612.08
2016-10-07,10/7/16,617.21
2016-10-08,10/8/16,614.74
2016-10-09,10/9/16,615.65
2016-10-10,10/10/16,617.54
2016-10-11,10/11/16,614.77
2016-10-12,10/12/16,635.01
2016-10-13,10/13/16,635.96
2016-10-14,10/14/16,634.02
2016-10-15,10/15/16,637.94
2016-10-16,10/16/16,641.42
2016-10-17,10/17/16,638.97
2016-10-18,10/18/16,636.29
2016-10-19,10/19/16,629.25
2016-10-20,10/20/16,627.72
2016-10-21,10/21/16,631.92
2016-10-22,10/22/16,655.48
2016-10-23,10/23/16,653.25
2016-10-24,10/24/16,651.39
2016-10-25,10/25/16,655.31
2016-10-26,10/26/16,651.45
2016-10-27,10/27/16,682.22
2016-10-28,10/28/16,687.68
2016-10-29,10/29/16,685.91
2016-10-30,10/30/16,698.0
2016-10-31,10/31/16,702.0
2016-11-01,11/1/16,697.01
2016-11-02,11/2/16,733.33
2016-11-03,11/3/16,686.17
2016-11-04,11/4/16,683.69
2016-11-05,11/5/16,704.79
2016-11-06,11/6/16,712.0
2016-11-07,11/7/16,709.96
2016-11-08,11/8/16,708.97
2016-11-09,11/9/16,720.93
2016-11-10,11/10/16,721.5
2016-11-11,11/11/16,715.45
2016-11-12,11/12/16,703.71
2016-11-13,11/13/16,702.28
2016-11-14,11/14/16,706.46
2016-11-15,11/15/16,710.91
2016-11-16,11/16/16,711.73
2016-11-17,11/17/16,736.96
2016-11-18,11/18/16,747.52
2016-11-19,11/19/16,748.98
2016-11-20,11/20/16,729.06
2016-11-21,11/21/16,738.53
2016-11-22,11/22/16,736.97
2016-11-23,11/23/16,741.63
2016-11-24,11/24/16,737.45
2016-11-25,11/25/16,735.64
2016-11-26,11/26/16,733.67
2016-11-27,11/27/16,727.96
2016-11-28,11/28/16,727.31
2016-11-29,11/29/16,732.71
2016-11-30,11/30/16,742.69
2016-12-01,12/1/16,742.05
2016-12-02,12/2/16,772.43
2016-12-03,12/3/16,764.33
2016-12-04,12/4/16,762.97
2016-12-05,12/5/16,754.63
2016-12-06,12/6/16,756.62
2016-12-07,12/7/16,758.99
2016-12-08,12/8/16,769.72
2016-12-09,12/9/16,770.02
2016-12-10,12/10/16,769.08
2016-12-11,12/11/16,777.0
2016-12-12,12/12/16,777.0
2016-12-13,12/13/16,777.99
2016-12-14,12/14/16,774.89
2016-12-15,12/15/16,776.75
2016-12-16,12/16/16,775.88
2016-12-17,12/17/16,788.7
2016-12-18,12/18/16,788.4
2016-12-19,12/19/16,788.67
2016-12-20,12/20/16,793.09
2016-12-21,12/21/16,824.21
2016-12-22,12/22/16,834.97
2016-12-23,12/23/16,901.31
2016-12-24,12/24/16,891.61
2016-12-25,12/25/16,892.6
2016-12-26,12/26/16,897.33
2016-12-27,12/27/16,930.37
2016-12-28,12/28/16,930.34
2016-12-29,12/29/16,963.38
2016-12-30,12/30/16,952.15
2016-12-31,12/31/16,958.12
2017-01-01,1/1/17,997.72
2017-01-02,1/2/17,1015.97
2017-01-03,1/3/17,1013.42
2017-01-04,1/4/17,1126.76
2017-01-05,1/5/17,994.67
2017-01-06,1/6/17,999.65
2017-01-07,1/7/17,896.83
2017-01-08,1/8/17,908.14
2017-01-09,1/9/17,910.49
2017-01-10,1/10/17,906.05
2017-01-11,1/11/17,785.22
2017-01-12,1/12/17,780.92
2017-01-13,1/13/17,826.29
2017-01-14,1/14/17,817.91
2017-01-15,1/15/17,819.55
2017-01-16,1/16/17,830.5
2017-01-17,1/17/17,903.84
2017-01-18,1/18/17,906.6
2017-01-19,1/19/17,895.798875
2017-01-20,1/20/17,893.6210875
2017-01-21,1/21/17,895.64
2017-01-22,1/22/17,918.603625
2017-01-23,1/23/17,922.0736125
2017-01-24,1/24/17,919.97
2017-01-25,1/25/17,893.045625
2017-01-26,1/26/17,915.95625
2017-01-27,1/27/17,915.05
2017-01-28,1/28/17,920.31225
2017-01-29,1/29/17,915.933
2017-01-30,1/30/17,912.19
2017-01-31,1/31/17,964.706075
2017-02-01,2/1/17,979.703875
2017-02-02,2/2/17,983.42
2017-02-03,2/3/17,1013.027
2017-02-04,2/4/17,1030.999413
2017-02-05,2/5/17,1034.07
2017-02-06,2/6/17,1024.01375
2017-02-07,2/7/17,1050.11
2017-02-08,2/8/17,1052.84
2017-02-09,2/9/17,976.103
2017-02-10,2/10/17,999.1035
2017-02-11,2/11/17,997.59
2017-02-12,2/12/17,1000.604625
2017-02-13,2/13/17,999.877375
2017-02-14,2/14/17,1001.2
2017-02-15,2/15/17,1012.325988
2017-02-16,2/16/17,1035.208125
2017-02-17,2/17/17,1035.2
2017-02-18,2/18/17,1056.637138
2017-02-19,2/19/17,1052.779286
2017-02-20,2/20/17,1050.87
2017-02-21,2/21/17,1123.788429
2017-02-22,2/22/17,1123.223188
2017-02-23,2/23/17,1130.01
2017-02-24,2/24/17,1174.86625
2017-02-25,2/25/17,1150.605714
2017-02-26,2/26/17,1150.37
2017-02-27,2/27/17,1190.75195
2017-02-28,2/28/17,1187.565286
2017-03-01,3/1/17,1190.89
2017-03-02,3/2/17,1259.410817
2017-03-03,3/3/17,1285.14
2017-03-04,3/4/17,1287.0
2017-03-05,3/5/17,1270.9333
2017-03-06,3/6/17,1275.197375
2017-03-07,3/7/17,1279.5
2017-03-08,3/8/17,1157.3933
2017-03-09,3/9/17,1192.469143
2017-03-10,3/10/17,1192.09
2017-03-11,3/11/17,1179.159875
2017-03-12,3/12/17,1227.494625
2017-03-13,3/13/17,1227.68
2017-03-14,3/14/17,1245.370786
2017-03-15,3/15/17,1257.399625
2017-03-16,3/16/17,1257.0
2017-03-17,3/17/17,1091.171888
2017-03-18,3/18/17,952.2323625
2017-03-19,3/19/17,967.69
2017-03-20,3/20/17,1049.084488
2017-03-21,3/21/17,1118.630043
2017-03-22,3/22/17,1113.0
2017-03-23,3/23/17,1038.789
2017-03-24,3/24/17,941.9197143
2017-03-25,3/25/17,927.93
2017-03-26,3/26/17,956.7863125
2017-03-27,3/27/17,1037.22925
2017-03-28,3/28/17,1041.04
2017-03-29,3/29/17,1040.5755
2017-03-30,3/30/17,1037.90455
2017-03-31,3/31/17,1034.74
2017-04-01,4/1/17,1086.929571
2017-04-02,4/2/17,1099.169125
2017-04-03,4/3/17,1079.99
2017-04-04,4/4/17,1141.600363
2017-04-05,4/5/17,1133.079314
2017-04-06,4/6/17,1133.53
2017-04-07,4/7/17,1190.45425
2017-04-08,4/8/17,1181.149838
2017-04-09,4/9/17,1184.03
2017-04-10,4/10/17,1207.744875
2017-04-11,4/11/17,1226.617038
2017-04-12,4/12/17,1219.09
2017-04-13,4/13/17,1180.023713
2017-04-14,4/14/17,1185.260057
2017-04-15,4/15/17,1170.36
2017-04-16,4/16/17,1186.927413
2017-04-17,4/17/17,1205.634875
2017-04-18,4/18/17,1176.97
2017-04-19,4/19/17,1217.930088
2017-04-20,4/20/17,1241.686325
2017-04-21,4/21/17,1236.63
2017-04-22,4/22/17,1261.311225
2017-04-23,4/23/17,1257.988113
2017-04-24,4/24/17,1240.84
2017-04-25,4/25/17,1279.414688
2017-04-26,4/26/17,1309.109875
2017-04-27,4/27/17,1288.02
2017-04-28,4/28/17,1331.294429
2017-04-29,4/29/17,1334.979038
2017-04-30,4/30/17,1333.0
2017-05-01,5/1/17,1417.172813
2017-05-02,5/2/17,1452.076288
2017-05-03,5/3/17,1447.55
2017-05-04,5/4/17,1508.292125
2017-05-05,5/5/17,1533.335071
2017-05-06,5/6/17,1518.75
2017-05-07,5/7/17,1535.868429
2017-05-08,5/8/17,1640.619225
2017-05-09,5/9/17,1651.1
2017-05-10,5/10/17,1762.88625
2017-05-11,5/11/17,1820.990563
2017-05-12,5/12/17,1829.0
2017-05-13,5/13/17,1771.920013
2017-05-14,5/14/17,1776.3165
2017-05-15,5/15/17,1780.0
2017-05-16,5/16/17,1739.031975
2017-05-17,5/17/17,1807.485063
2017-05-18,5/18/17,1783.98
2017-05-19,5/19/17,1961.520488
2017-05-20,5/20/17,2052.909788
2017-05-21,5/21/17,2008.84
2017-05-22,5/22/17,2090.662313
2017-05-23,5/23/17,2287.710288
2017-05-24,5/24/17,2256.32
2017-05-25,5/25/17,2387.206286
2017-05-26,5/26/17,2211.976857
2017-05-27,5/27/17,2279.82
2017-05-28,5/28/17,2192.9808
2017-05-29,5/29/17,2275.9307
2017-05-30,5/30/17,2290.02
2017-05-31,5/31/17,2285.933914
2017-06-01,6/1/17,2399.242671
2017-06-02,6/2/17,2409.93
2017-06-03,6/3/17,2525.765158
2017-06-04,6/4/17,2516.173143
2017-06-05,6/5/17,2529.53
2017-06-06,6/6/17,2883.313697
2017-06-07,6/7/17,2664.920863
2017-06-08,6/8/17,2683.03
2017-06-09,6/9/17,2827.4913
2017-06-10,6/10/17,2845.372857
2017-06-11,6/11/17,2898.63
2017-06-12,6/12/17,2657.675063
2017-06-13,6/13/17,2748.185086
2017-06-14,6/14/17,2706.0
2017-06-15,6/15/17,2442.48025
2017-06-16,6/16/17,2464.959814
2017-06-17,6/17/17,2477.94
2017-06-18,6/18/17,2507.389252
2017-06-19,6/19/17,2617.210263
2017-06-20,6/20/17,2600.0
2017-06-21,6/21/17,2671.04325
2017-06-22,6/22/17,2727.288013
2017-06-23,6/23/17,2713.48
2017-06-24,6/24/17,2589.164888
2017-06-25,6/25/17,2512.366286
2017-06-26,6/26/17,2502.03
2017-06-27,6/27/17,2517.903114
2017-06-28,6/28/17,2585.349186
2017-06-29,6/29/17,2558.3
2017-06-30,6/30/17,2477.641375
2017-07-01,7/1/17,2501.191343
2017-07-02,7/2/17,2421.26
2017-07-03,7/3/17,2561.225429
2017-07-04,7/4/17,2599.729838
2017-07-05,7/5/17,2598.89
2017-07-06,7/6/17,2609.96775
2017-07-07,7/7/17,2491.201214
2017-07-08,7/8/17,2502.86
2017-07-09,7/9/17,2536.238938
2017-07-10,7/10/17,2366.170143
2017-07-11,7/11/17,2327.09
2017-07-12,7/12/17,2385.748571
2017-07-13,7/13/17,2354.783417
2017-07-14,7/14/17,2338.49
2017-07-15,7/15/17,2058.9956
2017-07-16,7/16/17,1931.2143
2017-07-17,7/17/17,1910.96
2017-07-18,7/18/17,2320.12225
2017-07-19,7/19/17,2264.7657
2017-07-20,7/20/17,2265.21
2017-07-21,7/21/17,2682.195363
2017-07-22,7/22/17,2807.609857
2017-07-23,7/23/17,2825.51
2017-07-24,7/24/17,2751.821029
2017-07-25,7/25/17,2560.997917
2017-07-26,7/26/17,2564.3
2017-07-27,7/27/17,2647.625
2017-07-28,7/28/17,2781.636583
2017-07-29,7/29/17,2784.8
2017-07-30,7/30/17,2745.955417
2017-07-31,7/31/17,2866.431667
2017-08-01,8/1/17,2862.9
2017-08-02,8/2/17,2693.633983
2017-08-03,8/3/17,2794.117717
2017-08-04,8/4/17,2790.0
2017-08-05,8/5/17,3218.115017
2017-08-06,8/6/17,3252.562533
2017-08-07,8/7/17,3210.2
2017-08-08,8/8/17,3457.374333
2017-08-09,8/9/17,3357.326317
2017-08-10,8/10/17,3340.28
2017-08-11,8/11/17,3632.506667
2017-08-12,8/12/17,3852.802914
2017-08-13,8/13/17,3868.52
2017-08-14,8/14/17,4282.992
2017-08-15,8/15/17,4217.028329
2017-08-16,8/16/17,4179.97
2017-08-17,8/17/17,4328.725717
2017-08-18,8/18/17,4130.440067
2017-08-19,8/19/17,4104.71
2017-08-20,8/20/17,4157.958033
2017-08-21,8/21/17,4043.722
2017-08-22,8/22/17,3986.28
2017-08-23,8/23/17,4174.95
2017-08-24,8/24/17,4340.316717
2017-08-25,8/25/17,4331.77
2017-08-26,8/26/17,4360.513317
2017-08-27,8/27/17,4354.308333
2017-08-28,8/28/17,4339.05
2017-08-29,8/29/17,4607.98545
2017-08-30,8/30/17,4594.98785
2017-08-31,8/31/17,4582.52
2017-09-01,9/1/17,4911.740017
2017-09-02,9/2/17,4580.38748
2017-09-03,9/3/17,4585.57
2017-09-04,9/4/17,4344.098317
2017-09-05,9/5/17,4488.72014
2017-09-06,9/6/17,4385.02
2017-09-07,9/7/17,4654.6585
2017-09-08,9/8/17,4310.750183
2017-09-09,9/9/17,4312.26
2017-09-10,9/10/17,4329.955
2017-09-11,9/11/17,4248.090017
2017-09-12,9/12/17,4198.59
2017-09-13,9/13/17,3961.271267
2017-09-14,9/14/17,3319.63
2017-09-15,9/15/17,3216.43
2017-09-16,9/16/17,3763.62604
2017-09-17,9/17/17,3746.060783
2017-09-18,9/18/17,3678.53
2017-09-19,9/19/17,3943.413333
2017-09-20,9/20/17,3977.561667
2017-09-21,9/21/17,3894.48
2017-09-22,9/22/17,3637.50255
2017-09-23,9/23/17,3776.3869
2017-09-24,9/24/17,3777.62
2017-09-25,9/25/17,3942.555
2017-09-26,9/26/17,3910.307383
2017-09-27,9/27/17,3881.0
2017-09-28,9/28/17,4201.98905
2017-09-29,9/29/17,4193.574667
2017-09-30,9/30/17,4164.27
2017-10-01,10/1/17,4360.722967
2017-10-02,10/2/17,4386.88375
2017-10-03,10/3/17,4394.07
2017-10-04,10/4/17,4225.175
2017-10-05,10/5/17,4338.852
2017-10-06,10/6/17,4318.58
2017-10-07,10/7/17,4376.191667
2017-10-08,10/8/17,4602.280883
2017-10-09,10/9/17,4605.66
2017-10-10,10/10/17,4782.28
2017-10-11,10/11/17,4819.485767
2017-10-12,10/12/17,4822.17
2017-10-13,10/13/17,5563.806567
2017-10-14,10/14/17,5739.438733
2017-10-15,10/15/17,5825.99
2017-10-16,10/16/17,5711.205867
2017-10-17,10/17/17,5603.71294
2017-10-18,10/18/17,5594.66
2017-10-19,10/19/17,5727.6335
2017-10-20,10/20/17,5979.45984
2017-10-21,10/21/17,5986.44
2017-10-22,10/22/17,5983.18455
2017-10-23,10/23/17,5876.079867
2017-10-24,10/24/17,5900.59
2017-10-25,10/25/17,5669.622533
2017-10-26,10/26/17,5893.138417
2017-10-27,10/27/17,5889.82
2017-10-28,10/28/17,5776.69695
2017-10-29,10/29/17,6155.43402
2017-10-30,10/30/17,6136.49
2017-10-31,10/31/17,6388.645167
2017-11-01,11/1/17,6665.306683
2017-11-02,11/2/17,6751.98
2017-11-03,11/3/17,7197.72006
2017-11-04,11/4/17,7437.543317
2017-11-05,11/5/17,7365.99
2017-11-06,11/6/17,6989.071667
2017-11-07,11/7/17,7092.127233
2017-11-08,11/8/17,7128.64
2017-11-09,11/9/17,7158.03706
2017-11-10,11/10/17,6719.39785
2017-11-11,11/11/17,6569.22
2017-11-12,11/12/17,5716.301583
2017-11-13,11/13/17,6550.227533
2017-11-14,11/14/17,6493.63
2017-11-15,11/15/17,7301.42992
2017-11-16,11/16/17,7815.0307
2017-11-17,11/17/17,7868.77
2017-11-18,11/18/17,7817.140383
2017-11-19,11/19/17,8007.654067
2017-11-20,11/20/17,8049.72
2017-11-21,11/21/17,8059.8
2017-11-22,11/22/17,8268.035
2017-11-23,11/23/17,8236.72
2017-11-24,11/24/17,8250.978333
2017-11-25,11/25/17,8707.407267
2017-11-26,11/26/17,8768.8
2017-11-27,11/27/17,9718.29505
2017-11-28,11/28/17,9952.50882
2017-11-29,11/29/17,9919.0
2017-11-30,11/30/17,10147.372
2017-12-01,12/1/17,10883.912
2017-12-02,12/2/17,10879.88
2017-12-03,12/3/17,11332.622
2017-12-04,12/4/17,11584.83
2017-12-05,12/5/17,11591.22
2017-12-06,12/6/17,13540.98
2017-12-07,12/7/17,16501.97167
2017-12-08,12/8/17,16860.88
2017-12-09,12/9/17,15142.83415
2017-12-10,12/10/17,14869.805
2017-12-11,12/11/17,15068.95
2017-12-12,12/12/17,17276.39333
2017-12-13,12/13/17,16808.36667
2017-12-14,12/14/17,16252.31
2017-12-15,12/15/17,17771.9
2017-12-16,12/16/17,19498.68333
2017-12-17,12/17/17,19279.9
2017-12-18,12/18/17,18961.85667
2017-12-19,12/19/17,17737.11167
2017-12-20,12/20/17,17382.94
2017-12-21,12/21/17,16047.51
2017-12-22,12/22/17,15190.945
2017-12-23,12/23/17,13776.61
2017-12-24,12/24/17,13949.175
2017-12-25,12/25/17,14119.02833
2017-12-26,12/26/17,13740.94
2017-12-27,12/27/17,15589.32167
2017-12-28,12/28/17,14380.58167
2017-12-29,12/29/17,14214.01
2017-12-30,12/30/17,13215.574
2017-12-31,12/31/17,14165.575
2018-01-01,1/1/18,13796.0
2018-01-02,1/2/18,15005.85667
2018-01-03,1/3/18,15053.26167
2018-01-04,1/4/18,15039.24
2018-01-05,1/5/18,17174.12
2018-01-06,1/6/18,17319.198
2018-01-07,1/7/18,17155.95
2018-01-08,1/8/18,15265.90667
2018-01-09,1/9/18,14714.25333
2018-01-10,1/10/18,14437.42
2018-01-11,1/11/18,13296.794
2018-01-12,1/12/18,13912.882
2018-01-13,1/13/18,13791.19
2018-01-14,1/14/18,13852.92
2018-01-15,1/15/18,14012.196
2018-01-16,1/16/18,13554.14
2018-01-17,1/17/18,11116.94667
2018-01-18,1/18/18,11345.42333
2018-01-19,1/19/18,11174.82
2018-01-20,1/20/18,12950.79333
2018-01-21,1/21/18,11505.228
2018-01-22,1/22/18,11513.42
2018-01-23,1/23/18,11223.064
2018-01-24,1/24/18,11282.25833
2018-01-25,1/25/18,11392.03
2018-01-26,1/26/18,10969.815
2018-01-27,1/27/18,11524.77667
2018-01-28,1/28/18,11431.37
2018-01-29,1/29/18,11212.655
2018-01-30,1/30/18,10184.06167
2018-01-31,1/31/18,10082.52
2018-02-01,2/1/18,9083.258333
2018-02-02,2/2/18,8901.901667
2018-02-03,2/3/18,8852.73
2018-02-04,2/4/18,8400.648333
2018-02-05,2/5/18,6838.816667
2018-02-06,2/6/18,6925.46
2018-02-07,2/7/18,8099.958333
2018-02-08,2/8/18,8240.536667
2018-02-09,2/9/18,8245.08
2018-02-10,2/10/18,8319.876566
2018-02-11,2/11/18,8343.455
2018-02-12,2/12/18,8068.02
2018-02-13,2/13/18,8597.7675
2018-02-14,2/14/18,9334.633333
2018-02-15,2/15/18,9471.64
2018-02-16,2/16/18,10127.16167
2018-02-17,2/17/18,10841.99167
2018-02-18,2/18/18,11085.83
2018-02-19,2/19/18,11110.965
2018-02-20,2/20/18,11390.39167
2018-02-21,2/21/18,11245.98
2018-02-22,2/22/18,9931.071667
2018-02-23,2/23/18,10162.11667
2018-02-24,2/24/18,10171.3
2018-02-25,2/25/18,9696.593333
2018-02-26,2/26/18,10348.60333
2018-02-27,2/27/18,10319.46
2018-02-28,2/28/18,10370.165
2018-03-01,3/1/18,11009.38167
2018-03-02,3/2/18,10931.12
2018-03-03,3/3/18,11326.94833
2018-03-04,3/4/18,11430.18167
2018-03-05,3/5/18,11516.83
2018-03-06,3/6/18,10763.19833
2018-03-07,3/7/18,10118.058
2018-03-08,3/8/18,9920.46
2018-03-09,3/9/18,9089.278333
2018-03-10,3/10/18,8746.002
2018-03-11,3/11/18,8777.37
2018-03-12,3/12/18,9182.843333
2018-03-13,3/13/18,9154.7
2018-03-14,3/14/18,9153.54
2018-03-15,3/15/18,8358.121667
2018-03-16,3/16/18,8530.402
2018-03-17,3/17/18,8297.89
2018-03-18,3/18/18,8171.415
2018-03-19,3/19/18,8412.033333
2018-03-20,3/20/18,8605.64
2018-03-21,3/21/18,8947.753333
2018-03-22,3/22/18,8690.408333
2018-03-23,3/23/18,8725.37
2018-03-24,3/24/18,8662.378333
2018-03-25,3/25/18,8617.296667
2018-03-26,3/26/18,8457.96
2018-03-27,3/27/18,7876.195
2018-03-28,3/28/18,7960.38
2018-03-29,3/29/18,7950.61
2018-03-30,3/30/18,6882.531667
2018-03-31,3/31/18,6935.48
2018-04-01,4/1/18,6937.56
2018-04-02,4/2/18,7035.848333
2018-04-03,4/3/18,7410.435
2018-04-04,4/4/18,7426.48
2018-04-05,4/5/18,6826.51
2018-04-06,4/6/18,6603.876667
2018-04-07,4/7/18,6634.68
2018-04-08,4/8/18,7017.656667
2018-04-09,4/9/18,6699.273333
2018-04-10,4/10/18,6784.41
2018-04-11,4/11/18,6926.266667
2018-04-12,4/12/18,7847.845
2018-04-13,4/13/18,7941.46
2018-04-14,4/14/18,8036.511051
2018-04-15,4/15/18,8340.748333
2018-04-16,4/16/18,8368.1
2018-04-17,4/17/18,7895.416926
2018-04-18,4/18/18,8164.937426
2018-04-19,4/19/18,8175.96
2018-04-20,4/20/18,8852.718333
2018-04-21,4/21/18,8807.205
2018-04-22,4/22/18,8930.6
2018-04-23,4/23/18,8933.861667
2018-04-24,4/24/18,9555.542
2018-04-25,4/25/18,9658.11
2018-04-26,4/26/18,9258.398333
2018-04-27,4/27/18,9010.32
2018-04-28,4/28/18,8928.55
2018-04-29,4/29/18,9334.281667
2018-04-30,4/30/18,9259.57
2018-05-01,5/1/18,9239.55
2018-05-02,5/2/18,9221.426
2018-05-03,5/3/18,9639.268333
2018-05-04,5/4/18,9753.35
2018-05-05,5/5/18,9803.306667
2018-05-06,5/6/18,9630.136277
2018-05-07,5/7/18,9631.44
2018-05-08,5/8/18,9228.608333
2018-05-09,5/9/18,9322.041667
2018-05-10,5/10/18,9310.37
2018-05-11,5/11/18,8468.788
2018-05-12,5/12/18,8484.346667
2018-05-13,5/13/18,8463.52
2018-05-14,5/14/18,8652.038333
2018-05-15,5/15/18,8511.458
2018-05-16,5/16/18,8471.06
2018-05-17,5/17/18,8106.118333
2018-05-18,5/18/18,8240.055
2018-05-19,5/19/18,8239.08
2018-05-20,5/20/18,8507.406667
2018-05-21,5/21/18,8385.556187
2018-05-22,5/22/18,8396.63
2018-05-23,5/23/18,7555.74
2018-05-24,5/24/18,7566.193333
2018-05-25,5/25/18,7576.78
2018-05-26,5/26/18,7342.908333
2018-05-27,5/27/18,7361.831667
2018-05-28,5/28/18,7344.56
2018-05-29,5/29/18,7459.876667
2018-05-30,5/30/18,7385.395
2018-05-31,5/31/18,7386.72
2018-06-01,6/1/18,7535.146667
2018-06-02,6/2/18,7645.146667
2018-06-03,6/3/18,7637.14
2018-06-04,6/4/18,7500.273333
2018-06-05,6/5/18,7615.722142
2018-06-06,6/6/18,7619.43
2018-06-07,6/7/18,7676.271667
2018-06-08,6/8/18,7620.153333
2018-06-09,6/9/18,7615.54
2018-06-10,6/10/18,6776.888333
2018-06-11,6/11/18,6875.678333
2018-06-12,6/12/18,6879.31
2018-06-13,6/13/18,6315.7
2018-06-14,6/14/18,6647.013333
2018-06-15,6/15/18,6637.41
2018-06-16,6/16/18,6509.426667
2018-06-17,6/17/18,6464.411667
2018-06-18,6/18/18,6445.79
2018-06-19,6/19/18,6737.0
2018-06-20,6/20/18,6714.718333
2018-06-21,6/21/18,6760.83
2018-06-22,6/22/18,6332.573333
2018-06-23,6/23/18,6141.605833
2018-06-24,6/24/18,6170.46
2018-06-25,6/25/18,6211.4475
2018-06-26,6/26/18,6218.595
2018-06-27,6/27/18,6097.46
2018-06-28,6/28/18,6107.896154
2018-06-29,6/29/18,5908.7025
2018-06-30,6/30/18,6223.28
2018-07-01,7/1/18,6374.754167
2018-07-02,7/2/18,6466.069167
2018-07-03,7/3/18,6626.44
2018-07-04,7/4/18,6593.289167
2018-07-05,7/5/18,6603.376667
2018-07-06,7/6/18,6555.51
2018-07-07,7/7/18,6594.281667
2018-07-08,7/8/18,6753.559167
2018-07-09,7/9/18,6724.04
2018-07-10,7/10/18,6510.791667
2018-07-11,7/11/18,6377.363333
2018-07-12,7/12/18,6403.18
2018-07-13,7/13/18,6244.3575
2018-07-14,7/14/18,6241.0
2018-07-15,7/15/18,6248.84
2018-07-16,7/16/18,6514.390833
2018-07-17,7/17/18,6869.910833
2018-07-18,7/18/18,7321.62
2018-07-19,7/19/18,7396.401667
2018-07-20,7/20/18,7428.045
2018-07-21,7/21/18,7334.99
2018-07-22,7/22/18,7451.289167
2018-07-23,7/23/18,7689.884167
2018-07-24,7/24/18,7715.1
2018-07-25,7/25/18,8251.165
2018-07-26,7/26/18,8187.324167
2018-07-27,7/27/18,7939.81
2018-07-28,7/28/18,8182.251667
2018-07-29,7/29/18,8206.341667
2018-07-30,7/30/18,8220.91
2018-07-31,7/31/18,7916.800833
2018-08-01,8/1/18,7570.869167
2018-08-02,8/2/18,7607.7
2018-08-03,8/3/18,7394.499167
2018-08-04,8/4/18,7247.769167
2018-08-05,8/5/18,7011.28
2018-08-06,8/6/18,6988.079167
2018-08-07,8/7/18,6993.513333
2018-08-08,8/8/18,6718.23
2018-08-09,8/9/18,6396.7725
2018-08-10,8/10/18,6396.494667
2018-08-11,8/11/18,6138.96
2018-08-12,8/12/18,6311.131667
2018-08-13,8/13/18,6347.07
2018-08-14,8/14/18,6252.13
2018-08-15,8/15/18,6362.676923
2018-08-16,8/16/18,6342.629231
2018-08-17,8/17/18,6312.75
2018-08-18,8/18/18,6436.720833
2018-08-19,8/19/18,6404.063333
2018-08-20,8/20/18,6486.58
2018-08-21,8/21/18,6401.246154
2018-08-22,8/22/18,6575.229167
2018-08-23,8/23/18,6354.57
2018-08-24,8/24/18,6543.645714
2018-08-25,8/25/18,6719.429231
2018-08-26,8/26/18,6738.27
2018-08-27,8/27/18,6719.266154
2018-08-28,8/28/18,7000.04
2018-08-29,8/29/18,7078.19
2018-08-30,8/30/18,6932.6625
2018-08-31,8/31/18,6981.946154
2018-09-01,9/1/18,7018.78
2018-09-02,9/2/18,7247.935385
2018-09-03,9/3/18,7260.949231
2018-09-04,9/4/18,7265.08
2018-09-05,9/5/18,7113.069231
2018-09-06,9/6/18,6433.271667
2018-09-07,9/7/18,6501.19
2018-09-08,9/8/18,6366.1075
2018-09-09,9/9/18,6286.425833
2018-09-10,9/10/18,6240.98
2018-09-11,9/11/18,6296.320833
2018-09-12,9/12/18,6273.1375
2018-09-13,9/13/18,6326.04
2018-09-14,9/14/18,6499.0625
2018-09-15,9/15/18,6518.655
2018-09-16,9/16/18,6522.39
2018-09-17,9/17/18,6400.600833
2018-09-18,9/18/18,6296.631667
2018-09-19,9/19/18,6342.39
2018-09-20,9/20/18,6418.562667
2018-09-21,9/21/18,6669.990833
2018-09-22,9/22/18,6756.12
2018-09-23,9/23/18,6710.445
2018-09-24,9/24/18,6639.304167
2018-09-25,9/25/18,6583.45
2018-09-26,9/26/18,6468.631667
2018-09-27,9/27/18,6535.476667
2018-09-28,9/28/18,6686.08
2018-09-29,9/29/18,6550.474167
2018-09-30,9/30/18,6593.135
2018-10-01,10/1/18,6611.02
2018-10-02,10/2/18,6562.641667
2018-10-03,10/3/18,6470.4025
2018-10-04,10/4/18,6483.73
2018-10-05,10/5/18,6568.549167
2018-10-06,10/6/18,6581.486667
2018-10-07,10/7/18,6573.62
2018-10-08,10/8/18,6618.567692
2018-10-09,10/9/18,6621.711667
2018-10-10,10/10/18,6626.85
2018-10-11,10/11/18,6248.635833
2018-10-12,10/12/18,6260.530833
2018-10-13,10/13/18,6247.0
2018-10-14,10/14/18,6299.399167
2018-10-15,10/15/18,6452.571667
2018-10-16,10/16/18,6599.17
2018-10-17,10/17/18,6596.276154
2018-10-18,10/18/18,6568.040769
2018-10-19,10/19/18,6509.61
2018-10-20,10/20/18,6488.825833
2018-10-21,10/21/18,6531.601667
2018-10-22,10/22/18,6504.78
2018-10-23,10/23/18,6481.426
2018-10-24,10/24/18,6508.31
2018-10-25,10/25/18,6489.77
2018-10-26,10/26/18,6473.753333
2018-10-27,10/27/18,6465.9175
2018-10-28,10/28/18,6457.21
2018-10-29,10/29/18,6382.668333
2018-10-30,10/30/18,6309.452857
2018-10-31,10/31/18,6301.61
2018-11-01,11/1/18,6342.280833
2018-11-02,11/2/18,6387.674167
2018-11-03,11/3/18,6390.42
2018-11-04,11/4/18,6391.873333
2018-11-05,11/5/18,6436.965
2018-11-06,11/6/18,6437.76
2018-11-07,11/7/18,6538.79
2018-11-08,11/8/18,6486.251667
2018-11-09,11/9/18,6444.97
2018-11-10,11/10/18,6399.033333
2018-11-11,11/11/18,6378.268333
2018-11-12,11/12/18,6408.53
2018-11-13,11/13/18,6372.063333
2018-11-14,11/14/18,6176.155
2018-11-15,11/15/18,5756.77
2018-11-16,11/16/18,5596.1925
2018-11-17,11/17/18,5558.243333
2018-11-18,11/18/18,5572.44
2018-11-19,11/19/18,5303.9425
2018-11-20,11/20/18,4671.97
2018-11-21,11/21/18,4491.98
2018-11-22,11/22/18,4548.7975
2018-11-23,11/23/18,4309.3375
2018-11-24,11/24/18,4352.98
2018-11-25,11/25/18,3823.511667
2018-11-26,11/26/18,3920.536667
2018-11-27,11/27/18,3793.35
2018-11-28,11/28/18,4103.453846
2018-11-29,11/29/18,4263.783333
2018-11-30,11/30/18,4278.77
2018-12-01,12/1/18,4116.7775
2018-12-02,12/2/18,4167.546667
2018-12-03,12/3/18,4140.6
2018-12-04,12/4/18,3961.493333
2018-12-05,12/5/18,3858.349167
2018-12-06,12/6/18,3744.98
2018-12-07,12/7/18,3405.643333
2018-12-08,12/8/18,3435.34
2018-12-09,12/9/18,3453.66
2018-12-10,12/10/18,3523.96
2018-12-11,12/11/18,3426.19
2018-12-12,12/12/18,3407.28
2018-12-13,12/13/18,3406.7625
2018-12-14,12/14/18,3278.374167
2018-12-15,12/15/18,3242.42
2018-12-16,12/16/18,3271.238333
2018-12-17,12/17/18,3392.405
2018-12-18,12/18/18,3556.54
2018-12-19,12/19/18,3808.0425
2018-12-20,12/20/18,3982.850833
2018-12-21,12/21/18,4135.19
2018-12-22,12/22/18,3910.973333
2018-12-23,12/23/18,4027.478333
2018-12-24,12/24/18,3995.17
2018-12-25,12/25/18,3813.88
2018-12-26,12/26/18,3825.379167
2018-12-27,12/27/18,3848.21
2018-12-28,12/28/18,3743.905
2018-12-29,12/29/18,3912.285833
2018-12-30,12/30/18,3770.36
2018-12-31,12/31/18,3791.545833
2019-01-01,1/1/19,3752.271667
2019-01-02,1/2/19,3855.88
2019-01-03,1/3/19,3865.7975
2019-01-04,1/4/19,3822.626667
2019-01-05,1/5/19,3856.62
2019-01-06,1/6/19,3920.456667
2019-01-07,1/7/19,4036.093333
2019-01-08,1/8/19,4032.25
2019-01-09,1/9/19,4034.138333
2019-01-10,1/10/19,3812.585833
2019-01-11,1/11/19,3646.25
2019-01-12,1/12/19,3646.345833
2019-01-13,1/13/19,3599.841667
2019-01-14,1/14/19,3531.96
2019-01-15,1/15/19,3656.785
2019-01-16,1/16/19,3621.270833
2019-01-17,1/17/19,3621.43
2019-01-18,1/18/19,3632.395
2019-01-19,1/19/19,3690.523333
2019-01-20,1/20/19,3703.98
2019-01-21,1/21/19,3548.4275
2019-01-22,1/22/19,3540.02
2019-01-23,1/23/19,3587.35
2019-01-24,1/24/19,3566.4
2019-01-25,1/25/19,3586.25
2019-01-26,1/26/19,3577.79
2019-01-27,1/27/19,3576.3
2019-01-28,1/28/19,3554.5
2019-01-29,1/29/19,3448.58
2019-01-30,1/30/19,3421.6
2019-01-31,1/31/19,3470.0
2019-02-01,2/1/19,3444.81
2019-02-02,2/2/19,3475.33
2019-02-03,2/3/19,3506.22
2019-02-04,2/4/19,3456.02
2019-02-05,2/5/19,3452.35
2019-02-06,2/6/19,3467.34
2019-02-07,2/7/19,3405.7
2019-02-08,2/8/19,3394.76
2019-02-09,2/9/19,3661.08
2019-02-10,2/10/19,3664.38
2019-02-11,2/11/19,3686.29
2019-02-12,2/12/19,3629.47
2019-02-13,2/13/19,3632.42
2019-02-14,2/14/19,3614.5
2019-02-15,2/15/19,3600.31
2019-02-16,2/16/19,3608.2
2019-02-17,2/17/19,3619.55
2019-02-18,2/18/19,3670.74
2019-02-19,2/19/19,3910.8
2019-02-20,2/20/19,3926.53
2019-02-21,2/21/19,3987.18
2019-02-22,2/22/19,3944.88
2019-02-23,2/23/19,3983.48
2019-02-24,2/24/19,4139.6
2019-02-25,2/25/19,3766.89
2019-02-26,2/26/19,3848.33
2019-02-27,2/27/19,3831.45
2019-02-28,2/28/19,3833.23
2019-03-01,3/1/19,3850.08
2019-03-02,3/2/19,3834.62
2019-03-03,3/3/19,3831.44
2019-03-04,3/4/19,3814.58
2019-03-05,3/5/19,3730.98
2019-03-06,3/6/19,3872.25
2019-03-07,3/7/19,3876.85
2019-03-08,3/8/19,3886.82
2019-03-09,3/9/19,3875.96
2019-03-10,3/10/19,3950.56
2019-03-11,3/11/19,3928.17
2019-03-12,3/12/19,3881.09
2019-03-13,3/13/19,3892.51
2019-03-14,3/14/19,3877.77
2019-03-15,3/15/19,3885.21
2019-03-16,3/16/19,3936.5
2019-03-17,3/17/19,4015.95
2019-03-18,3/18/19,3994.92
2019-03-19,3/19/19,3998.77
2019-03-20,3/20/19,4029.11
2019-03-21,3/21/19,4056.4
2019-03-22,3/22/19,3992.34
2019-03-23,3/23/19,3999.06
2019-03-24,3/24/19,4011.92
2019-03-25,3/25/19,3994.11
2019-03-26,3/26/19,3935.89
2019-03-27,3/27/19,3947.74
2019-03-28,3/28/19,4048.51
2019-03-29,3/29/19,4037.37
2019-03-30,3/30/19,4115.55
2019-03-31,3/31/19,4114.44
2019-04-01,4/1/19,4114.16
2019-04-02,4/2/19,4152.53
2019-04-03,4/3/19,4882.88
2019-04-04,4/4/19,4959.81
2019-04-05,4/5/19,4911.24
2019-04-06,4/6/19,5028.77
2019-04-07,4/7/19,5053.52
2019-04-08,4/8/19,5189.39
2019-04-09,4/9/19,5268.71
2019-04-10,4/10/19,5175.81
2019-04-11,4/11/19,5310.18
2019-04-12,4/12/19,5035.02
2019-04-13,4/13/19,5072.85
2019-04-14,4/14/19,5064.62
2019-04-15,4/15/19,5152.51
2019-04-16,4/16/19,5036.18
2019-04-17,4/17/19,5196.65
2019-04-18,4/18/19,5220.37
2019-04-19,4/19/19,5276.31
2019-04-20,4/20/19,5277.04
2019-04-21,4/21/19,5309.28
2019-04-22,4/22/19,5281.83
2019-04-23,4/23/19,5377.19
2019-04-24,4/24/19,5518.16
2019-04-25,4/25/19,5434.19
2019-04-26,4/26/19,5195.61
2019-04-27,4/27/19,5292.83
2019-04-28,4/28/19,5280.19
2019-04-29,4/29/19,5301.29
2019-04-30,4/30/19,5260.65
2019-05-01,5/1/19,5269.79
2019-05-02,5/2/19,5326.67
2019-05-03,5/3/19,5390.16
2019-05-04,5/4/19,5657.14
2019-05-05,5/5/19,5771.08
2019-05-06,5/6/19,5717.66
2019-05-07,5/7/19,5684.47
2019-05-08,5/8/19,5755.72
2019-05-09,5/9/19,5936.72
2019-05-10,5/10/19,6146.91
2019-05-11,5/11/19,6348.02
2019-05-12,5/12/19,7248.31
2019-05-13,5/13/19,6978.63
2019-05-14,5/14/19,7823.11
2019-05-15,5/15/19,7992.69
2019-05-16,5/16/19,8206.9
2019-05-17,5/17/19,7885.96
2019-05-18,5/18/19,7362.22
2019-05-19,5/19/19,7265.05
2019-05-20,5/20/19,8193.7
2019-05-21,5/21/19,8007.03
2019-05-22,5/22/19,7952.5
2019-05-23,5/23/19,7625.93
2019-05-24,5/24/19,7880.29
2019-05-25,5/25/19,8003.26
2019-05-26,5/26/19,8071.45
2019-05-27,5/27/19,8744.42
2019-05-28,5/28/19,8770.06
2019-05-29,5/29/19,8719.88
2019-05-30,5/30/19,8662.98
2019-05-31,5/31/19,8272.46
2019-06-01,6/1/19,8553.81
2019-06-02,6/2/19,8554.8
2019-06-03,6/3/19,8739.03
2019-06-04,6/4/19,8134.92
2019-06-05,6/5/19,7675.8
2019-06-06,6/6/19,7786.04
2019-06-07,6/7/19,7803.23
2019-06-08,6/8/19,7998.29
2019-06-09,6/9/19,7931.34
2019-06-10,6/10/19,7640.61
2019-06-11,6/11/19,8020.38
2019-06-12,6/12/19,7917.58
2019-06-13,6/13/19,8173.06
2019-06-14,6/14/19,8237.88
2019-06-15,6/15/19,8693.6
2019-06-16,6/16/19,8859.47
2019-06-17,6/17/19,8978.99
2019-06-18,6/18/19,9327.48
2019-06-19,6/19/19,9076.18
2019-06-20,6/20/19,9281.7
2019-06-21,6/21/19,9531.35
2019-06-22,6/22/19,10209.38
2019-06-23,6/23/19,10668.63
2019-06-24,6/24/19,10814.48
2019-06-25,6/25/19,11017.5
2019-06-26,6/26/19,11766.4
2019-06-27,6/27/19,12932.55
2019-06-28,6/28/19,11132.85
2019-06-29,6/29/19,12374.35
2019-06-30,6/30/19,11890.38
2019-07-01,7/1/19,10737.73
2019-07-02,7/2/19,10578.72
2019-07-03,7/3/19,10805.4
2019-07-04,7/4/19,11984.76
2019-07-05,7/5/19,11160.49
2019-07-06,7/6/19,10955.16
2019-07-07,7/7/19,11232.04
2019-07-08,7/8/19,11477.01
2019-07-09,7/9/19,12313.08
2019-07-10,7/10/19,12586.78
2019-07-11,7/11/19,12099.9
2019-07-12,7/12/19,11352.87
2019-07-13,7/13/19,11803.97
2019-07-14,7/14/19,11389.1
2019-07-15,7/15/19,10186.96
2019-07-16,7/16/19,10873.5
2019-07-17,7/17/19,9397.72
2019-07-18,7/18/19,9674.28
2019-07-19,7/19/19,10638.56
2019-07-20,7/20/19,10535.75
2019-07-21,7/21/19,10764.9
2019-07-22,7/22/19,10587.41
2019-07-23,7/23/19,10323.62
2019-07-24,7/24/19,9844.3
2019-07-25,7/25/19,9772.17
2019-07-26,7/26/19,9875.17
2019-07-27,7/27/19,9848.65
2019-07-28,7/28/19,9473.99
2019-07-29,7/29/19,9530.0
2019-07-30,7/30/19,9501.33
2019-07-31,7/31/19,9589.13
2019-08-01,8/1/19,10084.7
2019-08-02,8/2/19,10407.17
2019-08-03,8/3/19,10529.55
2019-08-04,8/4/19,10814.57
2019-08-05,8/5/19,10980.23
2019-08-06,8/6/19,11787.99
2019-08-07,8/7/19,11465.67
2019-08-08,8/8/19,11960.82
2019-08-09,8/9/19,11996.41
2019-08-10,8/10/19,11856.64
2019-08-11,8/11/19,11282.22
2019-08-12,8/12/19,11566.84
2019-08-13,8/13/19,11386.26
2019-08-14,8/14/19,10858.12
2019-08-15,8/15/19,10016.96
2019-08-16,8/16/19,10302.17
2019-08-17,8/17/19,10359.44
2019-08-18,8/18/19,10214.52
2019-08-19,8/19/19,10317.6
2019-08-20,8/20/19,10917.26
2019-08-21,8/21/19,10760.56
2019-08-22,8/22/19,10129.4
2019-08-23,8/23/19,10111.98
2019-08-24,8/24/19,10405.81
2019-08-25,8/25/19,10143.8
2019-08-26,8/26/19,10135.06
2019-08-27,8/27/19,10360.28
2019-08-28,8/28/19,10171.95
2019-08-29,8/29/19,9717.82
2019-08-30,8/30/19,9484.55
2019-08-31,8/31/19,9577.99
2019-09-01,9/1/19,9600.9
2019-09-02,9/2/19,9769.79
2019-09-03,9/3/19,10386.64
2019-09-04,9/4/19,10621.29
2019-09-05,9/5/19,10584.16
2019-09-06,9/6/19,10577.8
2019-09-07,9/7/19,10317.47
2019-09-08,9/8/19,10487.21
2019-09-09,9/9/19,10406.31
2019-09-10,9/10/19,10313.66
2019-09-11,9/11/19,10101.03
2019-09-12,9/12/19,10159.32
2019-09-13,9/13/19,10420.16
2019-09-14,9/14/19,10363.9
2019-09-15,9/15/19,10361.33
2019-09-16,9/16/19,10310.43
2019-09-17,9/17/19,10265.63
2019-09-18,9/18/19,10190.36
2019-09-19,9/19/19,10157.59
2019-09-20,9/20/19,10275.88
2019-09-21,9/21/19,10173.11
2019-09-22,9/22/19,9979.49
2019-09-23,9/23/19,10033.05
2019-09-24,9/24/19,9683.38
2019-09-25,9/25/19,8553.61
2019-09-26,9/26/19,8432.23
2019-09-27,9/27/19,8055.64
2019-09-28,9/28/19,8193.9
2019-09-29,9/29/19,8225.0
2019-09-30,9/30/19,8056.74
2019-10-01,10/1/19,8307.74
2019-10-02,10/2/19,8322.92
2019-10-03,10/3/19,8382.03
2019-10-04,10/4/19,8236.17
2019-10-05,10/5/19,8155.48
2019-10-06,10/6/19,8147.69
2019-10-07,10/7/19,7869.74
2019-10-08,10/8/19,8212.02
2019-10-09,10/9/19,8190.0
2019-10-10,10/10/19,8587.92
2019-10-11,10/11/19,8586.9
2019-10-12,10/12/19,8269.73
2019-10-13,10/13/19,8308.01
2019-10-14,10/14/19,8283.76
2019-10-15,10/15/19,8353.54
2019-10-16,10/16/19,8162.16
2019-10-17,10/17/19,8002.51
2019-10-18,10/18/19,8076.78
2019-10-19,10/19/19,7954.15
2019-10-20,10/20/19,7960.04
2019-10-21,10/21/19,8231.06
2019-10-22,10/22/19,8222.52
2019-10-23,10/23/19,8026.76
2019-10-24,10/24/19,7469.56
2019-10-25,10/25/19,7431.88
2019-10-26,10/26/19,8666.79
2019-10-27,10/27/19,9259.8
2019-10-28,10/28/19,9551.54
2019-10-29,10/29/19,9218.76
2019-10-30,10/30/19,9433.35
2019-10-31,10/31/19,9164.62
2019-11-01,11/1/19,9147.98
2019-11-02,11/2/19,9252.99
2019-11-03,11/3/19,9301.18
2019-11-04,11/4/19,9206.16
2019-11-05,11/5/19,9418.05
2019-11-06,11/6/19,9310.19
2019-11-07,11/7/19,9343.34
2019-11-08,11/8/19,9204.24
2019-11-09,11/9/19,8766.04
2019-11-10,11/10/19,8809.41
2019-11-11,11/11/19,9037.12
2019-11-12,11/12/19,8717.81
2019-11-13,11/13/19,8801.52
2019-11-14,11/14/19,8762.42
2019-11-15,11/15/19,8632.32
2019-11-16,11/16/19,8457.69
2019-11-17,11/17/19,8482.7
2019-11-18,11/18/19,8503.93
2019-11-19,11/19/19,8175.99
2019-11-20,11/20/19,8120.8
2019-11-21,11/21/19,8081.81
2019-11-22,11/22/19,7617.07
2019-11-23,11/23/19,7286.35
2019-11-24,11/24/19,7324.03
2019-11-25,11/25/19,6907.4
2019-11-26,11/26/19,7130.25
2019-11-27,11/27/19,7163.63
2019-11-28,11/28/19,7523.83
2019-11-29,11/29/19,7431.0
2019-11-30,11/30/19,7757.47
2019-12-01,12/1/19,7557.72
2019-12-02,12/2/19,7402.69
2019-12-03,12/3/19,7309.59
2019-12-04,12/4/19,7296.77
2019-12-05,12/5/19,7192.85
2019-12-06,12/6/19,7395.97
2019-12-07,12/7/19,7547.19
2019-12-08,12/8/19,7504.83
2019-12-09,12/9/19,7522.39
2019-12-10,12/10/19,7337.42
2019-12-11,12/11/19,7220.76
2019-12-12,12/12/19,7202.31
2019-12-13,12/13/19,7189.16
2019-12-14,12/14/19,7251.87
2019-12-15,12/15/19,7067.74
2019-12-16,12/16/19,7111.14
2019-12-17,12/17/19,6879.54
2019-12-18,12/18/19,6612.12
2019-12-19,12/19/19,7284.29
2019-12-20,12/20/19,7150.86
2019-12-21,12/21/19,7190.17
2019-12-22,12/22/19,7143.2
2019-12-23,12/23/19,7514.41
2019-12-24,12/24/19,7322.08
2019-12-25,12/25/19,7250.69
2019-12-26,12/26/19,7192.72
2019-12-27,12/27/19,7194.4
2019-12-28,12/28/19,7243.93
2019-12-29,12/29/19,7301.07
2019-12-30,12/30/19,7385.36
2019-12-31,12/31/19,7219.6
2020-01-01,1/1/20,7168.31
2020-01-02,1/2/20,7175.68
2020-01-03,1/3/20,6944.33
2020-01-04,1/4/20,7326.35
2020-01-05,1/5/20,7347.89
2020-01-06,1/6/20,7351.57
2020-01-07,1/7/20,7759.24
2020-01-08,1/8/20,8165.47
2020-01-09,1/9/20,8042.65
2020-01-10,1/10/20,7817.92
2020-01-11,1/11/20,8184.66
2020-01-12,1/12/20,8021.49
2020-01-13,1/13/20,8173.97
2020-01-14,1/14/20,8105.24
2020-01-15,1/15/20,8842.42
2020-01-16,1/16/20,8813.89
2020-01-17,1/17/20,8722.03
2020-01-18,1/18/20,8900.34
2020-01-19,1/19/20,8910.85
2020-01-20,1/20/20,8703.36
2020-01-21,1/21/20,8626.47
2020-01-22,1/22/20,8722.26
2020-01-23,1/23/20,8658.94
2020-01-24,1/24/20,8388.11
2020-01-25,1/25/20,8428.17
2020-01-26,1/26/20,8327.36
2020-01-27,1/27/20,8588.42
2020-01-28,1/28/20,8895.78
2020-01-29,1/29/20,9385.69
2020-01-30,1/30/20,9279.81
2020-01-31,1/31/20,9502.37
2020-02-01,2/1/20,9333.77
2020-02-02,2/2/20,9378.09
2020-02-03,2/3/20,9314.56
2020-02-04,2/4/20,9162.14
2020-02-05,2/5/20,9162.14
2020-02-06,2/6/20,9614.9
2020-02-07,2/7/20,9755.66
2020-02-08,2/8/20,9807.54
2020-02-09,2/9/20,9907.12
2020-02-10,2/10/20,10162.41
2020-02-11,2/11/20,9854.79
2020-02-12,2/12/20,10275.38
2020-02-13,2/13/20,10354.3
2020-02-14,2/14/20,10242.43
2020-02-15,2/15/20,10368.53
2020-02-16,2/16/20,9904.17
2020-02-17,2/17/20,9937.67
2020-02-18,2/18/20,9703.93
2020-02-19,2/19/20,10180.65
2020-02-20,2/20/20,9604.72
2020-02-21,2/21/20,9606.86
2020-02-22,2/22/20,9696.58
2020-02-23,2/23/20,9669.63
2020-02-24,2/24/20,9989.39
2020-02-25,2/25/20,9663.75
2020-02-26,2/26/20,9309.15
2020-02-27,2/27/20,8785.52
2020-02-28,2/28/20,8804.72
2020-02-29,2/29/20,8712.35
2020-03-01,3/1/20,8534.17
2020-03-02,3/2/20,8912.82
2020-03-03,3/3/20,8912.82
2020-03-04,3/4/20,8754.34
2020-03-05,3/5/20,8758.9
2020-03-06,3/6/20,9067.39
2020-03-07,3/7/20,9155.89
2020-03-08,3/8/20,8898.63
2020-03-09,3/9/20,8039.38
2020-03-10,3/10/20,7931.94
2020-03-11,3/11/20,7885.46
2020-03-12,3/12/20,7936.65
2020-03-13,3/13/20,4830.21
2020-03-14,3/14/20,5609.03
2020-03-15,3/15/20,5166.26
2020-03-16,3/16/20,5348.44
2020-03-17,3/17/20,5026.35
2020-03-18,3/18/20,5357.61
2020-03-19,3/19/20,5410.23
2020-03-20,3/20/20,6195.2
2020-03-21,3/21/20,6226.44
2020-03-22,3/22/20,6189.85
2020-03-23,3/23/20,5822.62
2020-03-24,3/24/20,6502.16
2020-03-25,3/25/20,6768.49
2020-03-26,3/26/20,6698.46
2020-03-27,3/27/20,6763.75
2020-03-28,3/28/20,6369.09
2020-03-29,3/29/20,6260.95
2020-03-30,3/30/20,5885.41
2020-03-31,3/31/20,6405.29
2020-04-01,4/1/20,6428.28
2020-04-02,4/2/20,6652.87
2020-04-03,4/3/20,6809.11
2020-04-04,4/4/20,6741.67
2020-04-05,4/5/20,6871.69
2020-04-06,4/6/20,6777.44
2020-04-07,4/7/20,7343.2
2020-04-08,4/8/20,7205.55
2020-04-09,4/9/20,7365.03
2020-04-10,4/10/20,7293.69
2020-04-11,4/11/20,6873.24
2020-04-12,4/12/20,6891.6
2020-04-13,4/13/20,6915.37
2020-04-14,4/14/20,6857.66
2020-04-15,4/15/20,6871.95
2020-04-16,4/16/20,6623.8
2020-04-17,4/17/20,7112.27
2020-04-18,4/18/20,7034.89
2020-04-19,4/19/20,7259.36
2020-04-20,4/20/20,7130.04
2020-04-21,4/21/20,6840.24
2020-04-22,4/22/20,6852.52
2020-04-23,4/23/20,7130.99
2020-04-24,4/24/20,7477.6
2020-04-25,4/25/20,7507.08
2020-04-26,4/26/20,7549.52
2020-04-27,4/27/20,7699.27
2020-04-28,4/28/20,7790.66
2020-04-29,4/29/20,7765.33
2020-04-30,4/30/20,8777.63
2020-05-01,5/1/20,8628.77
2020-05-02,5/2/20,8824.66
2020-05-03,5/3/20,8973.82
2020-05-04,5/4/20,8903.95
2020-05-05,5/5/20,8885.93
2020-05-06,5/6/20,9030.96
2020-05-07,5/7/20,9170.79
2020-05-08,5/8/20,10002.48
2020-05-09,5/9/20,9821.8
2020-05-10,5/10/20,9527.39
2020-05-11,5/11/20,8754.46
2020-05-12,5/12/20,8617.25
2020-05-13,5/13/20,8814.53
2020-05-14,5/14/20,9305.93
2020-05-15,5/15/20,9790.31
2020-05-16,5/16/20,9303.59
2020-05-17,5/17/20,9385.7
2020-05-18,5/18/20,9669.4
2020-05-19,5/19/20,9719.37
2020-05-20,5/20/20,9785.74
2020-05-21,5/21/20,9510.67
2020-05-22,5/22/20,9057.57
2020-05-23,5/23/20,9167.26
2020-05-24,5/24/20,9178.32
2020-05-25,5/25/20,8730.73
2020-05-26,5/26/20,8899.66
2020-05-27,5/27/20,8842.85
2020-05-28,5/28/20,9197.54
2020-05-29,5/29/20,9569.21
2020-05-30,5/30/20,9425.98
2020-05-31,5/31/20,9698.1
2020-06-01,6/1/20,9450.84
2020-06-02,6/2/20,10204.23
2020-06-03,6/3/20,9525.57
2020-06-04,6/4/20,9658.04
2020-06-05,6/5/20,9794.56
2020-06-06,6/6/20,9623.75
2020-06-07,6/7/20,9670.43
2020-06-08,6/8/20,9753.85
2020-06-09,6/9/20,9782.59
2020-06-10,6/10/20,9775.15
2020-06-11,6/11/20,9892.13
2020-06-12,6/12/20,9286.42
2020-06-13,6/13/20,9459.97
2020-06-14,6/14/20,9473.5
2020-06-15,6/15/20,9330.07
2020-06-16,6/16/20,9426.7
2020-06-17,6/17/20,9526.0
2020-06-18,6/18/20,9454.81
2020-06-19,6/19/20,9380.03
2020-06-20,6/20/20,9300.15
2020-06-21,6/21/20,9357.43
2020-06-22,6/22/20,9284.78
2020-06-23,6/23/20,9691.9
2020-06-24,6/24/20,9621.49
2020-06-25,6/25/20,9276.58
2020-06-26,6/26/20,9240.85
2020-06-27,6/27/20,9154.45
2020-06-28,6/28/20,9004.23
2020-06-29,6/29/20,9127.47
2020-06-30,6/30/20,9185.35
2020-07-01,7/1/20,9133.97
2020-07-02,7/2/20,9236.38
2020-07-03,7/3/20,9087.98
2020-07-04,7/4/20,9072.42
2020-07-05,7/5/20,9131.31
2020-07-06,7/6/20,9089.09
2020-07-07,7/7/20,9348.91
2020-07-08,7/8/20,9256.23
2020-07-09,7/9/20,9440.07
2020-07-10,7/10/20,9238.04
2020-07-11,7/11/20,9287.4
2020-07-12,7/12/20,9235.96
2020-07-13,7/13/20,9295.9
2020-07-14,7/14/20,9238.13
2020-07-15,7/15/20,9254.52
2020-07-16,7/16/20,9193.51
2020-07-17,7/17/20,9131.0
2020-07-18,7/18/20,9154.19
2020-07-19,7/19/20,9174.71
2020-07-20,7/20/20,9214.66
2020-07-21,7/21/20,9163.87
2020-07-22,7/22/20,9392.66
2020-07-23,7/23/20,9537.4
2020-07-24,7/24/20,9613.11
2020-07-25,7/25/20,9551.28
2020-07-26,7/26/20,9707.5
2020-07-27,7/27/20,9938.83
2020-07-28,7/28/20,11042.4
2020-07-29,7/29/20,10934.94
2020-07-30,7/30/20,11102.67
2020-07-31,7/31/20,11114.93
2020-08-01,8/1/20,11343.88
2020-08-02,8/2/20,11823.69
2020-08-03,8/3/20,11077.77
2020-08-04,8/4/20,11242.57
2020-08-05,8/5/20,11194.25
2020-08-06,8/6/20,11750.28
2020-08-07,8/7/20,11772.94
2020-08-08,8/8/20,11605.6
2020-08-09,8/9/20,11767.6
2020-08-10,8/10/20,11684.06
2020-08-11,8/11/20,11893.03
2020-08-12,8/12/20,11392.43
2020-08-13,8/13/20,11573.11
2020-08-14,8/14/20,11777.43
2020-08-15,8/15/20,11774.38
2020-08-16,8/16/20,11873.98
2020-08-17,8/17/20,11914.01
2020-08-18,8/18/20,12293.72
2020-08-19,8/19/20,11969.53
2020-08-20,8/20/20,11734.0
2020-08-21,8/21/20,11865.82
2020-08-22,8/22/20,11522.8
2020-08-23,8/23/20,11683.44
2020-08-24,8/24/20,11653.02
2020-08-25,8/25/20,11763.93
2020-08-26,8/26/20,11337.4
2020-08-27,8/27/20,11467.37
2020-08-28,8/28/20,11302.01
2020-08-29,8/29/20,11534.75
2020-08-30,8/30/20,11481.64
2020-08-31,8/31/20,11707.78
2020-09-01,9/1/20,11659.57
2020-09-02,9/2/20,11923.25
2020-09-03,9/3/20,11397.44
2020-09-04,9/4/20,10187.51
2020-09-05,9/5/20,10467.89
2020-09-06,9/6/20,10159.62
2020-09-07,9/7/20,10254.93
2020-09-08,9/8/20,10367.74
2020-09-09,9/9/20,10121.52
2020-09-10,9/10/20,10227.83
2020-09-11,9/11/20,10352.66
2020-09-12,9/12/20,10395.44
2020-09-13,9/13/20,10446.44
2020-09-14,9/14/20,10330.77
2020-09-15,9/15/20,10674.64
2020-09-16,9/16/20,10785.62
2020-09-17,9/17/20,10948.43
2020-09-18,9/18/20,10943.89
2020-09-19,9/19/20,10931.79
2020-09-20,9/20/20,11081.43
2020-09-21,9/21/20,10919.65
2020-09-22,9/22/20,10430.46
2020-09-23,9/23/20,10532.22
2020-09-24,9/24/20,10234.48
2020-09-25,9/25/20,10732.43
2020-09-26,9/26/20,10692.84
2020-09-27,9/27/20,10732.4
2020-09-28,9/28/20,10774.24
2020-09-29,9/29/20,10692.33
2020-09-30,9/30/20,10840.8
2020-10-01,10/1/20,10777.92
2020-10-02,10/2/20,10619.24
2020-10-03,10/3/20,10575.06
2020-10-04,10/4/20,10551.77
2020-10-05,10/5/20,10673.46
2020-10-06,10/6/20,10788.56
2020-10-07,10/7/20,10603.74
2020-10-08,10/8/20,10670.8
2020-10-09,10/9/20,10923.3
2020-10-10,10/10/20,11063.19
2020-10-11,10/11/20,11302.67
2020-10-12,10/12/20,11376.61
2020-10-13,10/13/20,11540.04
2020-10-14,10/14/20,11428.24
2020-10-15,10/15/20,11431.32
2020-10-16,10/16/20,11503.73
2020-10-17,10/17/20,11327.57
2020-10-18,10/18/20,11366.51
2020-10-19,10/19/20,11508.2
2020-10-20,10/20/20,11758.16
2020-10-21,10/21/20,11925.46
2020-10-22,10/22/20,12831.56
2020-10-23,10/23/20,12990.25
2020-10-24,10/24/20,12944.52
2020-10-25,10/25/20,13128.46
2020-10-26,10/26/20,13036.77
2020-10-27,10/27/20,13076.37
2020-10-28,10/28/20,13651.47
2020-10-29,10/29/20,13289.0
2020-10-30,10/30/20,13458.66
2020-10-31,10/31/20,13564.72
2020-11-01,11/1/20,13810.32
2020-11-02,11/2/20,13758.88
2020-11-03,11/3/20,13575.17
2020-11-04,11/4/20,14023.31
2020-11-05,11/5/20,14155.59
2020-11-06,11/6/20,15591.39
2020-11-07,11/7/20,15595.77
2020-11-08,11/8/20,14839.84
2020-11-09,11/9/20,15490.6
2020-11-10,11/10/20,15328.53
2020-11-11,11/11/20,15317.04
2020-11-12,11/12/20,15708.65
2020-11-13,11/13/20,16295.57
2020-11-14,11/14/20,16339.33
2020-11-15,11/15/20,16091.07
2020-11-16,11/16/20,15968.16
2020-11-17,11/17/20,16725.15
2020-11-18,11/18/20,17679.72
2020-11-19,11/19/20,17798.45
2020-11-20,11/20/20,17820.57
2020-11-21,11/21/20,18687.45
2020-11-22,11/22/20,18699.75
2020-11-23,11/23/20,18422.28
2020-11-24,11/24/20,18398.91
2020-11-25,11/25/20,19172.52
2020-11-26,11/26/20,18739.8
2020-11-27,11/27/20,17151.44
2020-11-28,11/28/20,17138.87
2020-11-29,11/29/20,17732.42
2020-11-30,11/30/20,18191.6
2020-12-01,12/1/20,19709.73
2020-12-02,12/2/20,18792.52
2020-12-03,12/3/20,19226.97
2020-12-04,12/4/20,19454.54
2020-12-05,12/5/20,18670.49
2020-12-06,12/6/20,19155.06
2020-12-07,12/7/20,19377.66
2020-12-08,12/8/20,19181.41
2020-12-09,12/9/20,18318.87
2020-12-10,12/10/20,18554.15
2020-12-11,12/11/20,18247.76
2020-12-12,12/12/20,18029.36
2020-12-13,12/13/20,18803.44
2020-12-14,12/14/20,19164.48
2020-12-15,12/15/20,19276.59
2020-12-16,12/16/20,19439.75
2020-12-17,12/17/20,21379.48
2020-12-18,12/18/20,22847.46
2020-12-19,12/19/20,23150.79
2020-12-20,12/20/20,23869.92
2020-12-21,12/21/20,23490.58
2020-12-22,12/22/20,22745.48
2020-12-23,12/23/20,23824.99
2020-12-24,12/24/20,23253.37
2020-12-25,12/25/20,23715.53
2020-12-26,12/26/20,24693.58
2020-12-27,12/27/20,26443.21
2020-12-28,12/28/20,26246.58
2020-12-29,12/29/20,27036.69
2020-12-30,12/30/20,27376.37
2020-12-31,12/31/20,28856.59
2021-01-01,1/1/21,28982.56
2021-01-02,1/2/21,29393.75
2021-01-03,1/3/21,32195.46
2021-01-04,1/4/21,33000.78
2021-01-05,1/5/21,32035.03
2021-01-06,1/6/21,34046.67
2021-01-07,1/7/21,36860.41
2021-01-08,1/8/21,39486.04
2021-01-09,1/9/21,40670.25
2021-01-10,1/10/21,40240.72
2021-01-11,1/11/21,38240.09
2021-01-12,1/12/21,35544.94
2021-01-13,1/13/21,34011.82
2021-01-14,1/14/21,37393.13
2021-01-15,1/15/21,39158.47
2021-01-16,1/16/21,36828.52
2021-01-17,1/17/21,36065.2
2021-01-18,1/18/21,35793.01
2021-01-19,1/19/21,36632.35
2021-01-20,1/20/21,36020.13
2021-01-21,1/21/21,35538.98
2021-01-22,1/22/21,30797.88
2021-01-23,1/23/21,33002.38
2021-01-24,1/24/21,32099.74
2021-01-25,1/25/21,32276.84
2021-01-26,1/26/21,32243.26
2021-01-27,1/27/21,32541.8
2021-01-28,1/28/21,30419.17
2021-01-29,1/29/21,33403.17
2021-01-30,1/30/21,34314.26
2021-01-31,1/31/21,34318.1
2021-02-01,2/1/21,33136.46
2021-02-02,2/2/21,33522.9
2021-02-03,2/3/21,35529.66
2021-02-04,2/4/21,37676.25
2021-02-05,2/5/21,37002.09
2021-02-06,2/6/21,38278.61
2021-02-07,2/7/21,39323.26
2021-02-08,2/8/21,38928.1
2021-02-09,2/9/21,46364.3
2021-02-10,2/10/21,46589.58
2021-02-11,2/11/21,44878.17
2021-02-12,2/12/21,48013.38
2021-02-13,2/13/21,47471.4
2021-02-14,2/14/21,47185.19
2021-02-15,2/15/21,48720.37
2021-02-16,2/16/21,47951.85
2021-02-17,2/17/21,49160.1
2021-02-18,2/18/21,52118.23
2021-02-19,2/19/21,51608.15
2021-02-20,2/20/21,55916.5
2021-02-21,2/21/21,56001.2
2021-02-22,2/22/21,57487.86
2021-02-23,2/23/21,54123.4
2021-02-24,2/24/21,48880.43
2021-02-25,2/25/21,50624.84
2021-02-26,2/26/21,46800.42
2021-02-27,2/27/21,46340.31
2021-02-28,2/28/21,46155.87
2021-03-01,3/1/21,45113.92
2021-03-02,3/2/21,49618.43
2021-03-03,3/3/21,48356.04
2021-03-04,3/4/21,50477.7
2021-03-05,3/5/21,48448.91
2021-03-06,3/6/21,48861.38
2021-03-07,3/7/21,48881.59
2021-03-08,3/8/21,51169.7
2021-03-09,3/9/21,52299.33
2021-03-10,3/10/21,54881.52
2021-03-11,3/11/21,55997.23
2021-03-12,3/12/21,57764.0
2021-03-13,3/13/21,57253.28
2021-03-14,3/14/21,61258.73
2021-03-15,3/15/21,59133.47
2021-03-16,3/16/21,55754.72
2021-03-17,3/17/21,56872.38
2021-03-18,3/18/21,58913.0
2021-03-19,3/19/21,57665.9
2021-03-20,3/20/21,58075.1
2021-03-21,3/21/21,58085.8
2021-03-22,3/22/21,57411.17
2021-03-23,3/23/21,54204.96
2021-03-24,3/24/21,54477.46
2021-03-25,3/25/21,52508.23
2021-03-26,3/26/21,51415.92
2021-03-27,3/27/21,55074.47
2021-03-28,3/28/21,55863.93
2021-03-29,3/29/21,55783.71
2021-03-30,3/30/21,57627.67
2021-03-31,3/31/21,58730.13
2021-04-01,4/1/21,58735.25
2021-04-02,4/2/21,58736.92
2021-04-03,4/3/21,59031.32
2021-04-04,4/4/21,57076.49
2021-04-05,4/5/21,58206.55
2021-04-06,4/6/21,59054.1
2021-04-07,4/7/21,58020.46
2021-04-08,4/8/21,55947.27
2021-04-09,4/9/21,58048.59
2021-04-10,4/10/21,58102.58
2021-04-11,4/11/21,59774.0
2021-04-12,4/12/21,59964.87
2021-04-13,4/13/21,59834.74
2021-04-14,4/14/21,63554.44
2021-04-15,4/15/21,62969.12
2021-04-16,4/16/21,63252.63
2021-04-17,4/17/21,61455.98
2021-04-18,4/18/21,60087.09
2021-04-19,4/19/21,56251.48
2021-04-20,4/20/21,55703.14
2021-04-21,4/21/21,56507.91
2021-04-22,4/22/21,53808.8
2021-04-23,4/23/21,51731.71
2021-04-24,4/24/21,51153.13
2021-04-25,4/25/21,50110.53
2021-04-26,4/26/21,49075.58
2021-04-27,4/27/21,54056.64
2021-04-28,4/28/21,55071.46
2021-04-29,4/29/21,54884.1
2021-04-30,4/30/21,53584.15
2021-05-01,5/1/21,57796.62
2021-05-02,5/2/21,57857.5
2021-05-03,5/3/21,56610.46
2021-05-04,5/4/21,57213.33
2021-05-05,5/5/21,53241.72
2021-05-06,5/6/21,57473.23
2021-05-07,5/7/21,56428.16
2021-05-08,5/8/21,57380.27
2021-05-09,5/9/21,58928.81
2021-05-10,5/10/21,58280.73
2021-05-11,5/11/21,55883.5
2021-05-12,5/12/21,56750.0
2021-05-13,5/13/21,49007.09
2021-05-14,5/14/21,49702.27
2021-05-15,5/15/21,49922.52
2021-05-16,5/16/21,46736.58
2021-05-17,5/17/21,46441.64
2021-05-18,5/18/21,43596.24
2021-05-19,5/19/21,42912.19
2021-05-20,5/20/21,36964.27
2021-05-21,5/21/21,40784.32
2021-05-22,5/22/21,37280.35
2021-05-23,5/23/21,37528.3
2021-05-24,5/24/21,34754.54
2021-05-25,5/25/21,38728.59
2021-05-26,5/26/21,38410.5
2021-05-27,5/27/21,39266.04
2021-05-28,5/28/21,38445.29
2021-05-29,5/29/21,35689.62
2021-05-30,5/30/21,34647.67
2021-05-31,5/31/21,35684.59
2021-06-01,6/1/21,37310.54
2021-06-02,6/2/21,36662.64
2021-06-03,6/3/21,37585.24
2021-06-04,6/4/21,39188.59
2021-06-05,6/5/21,36885.51
2021-06-06,6/6/21,35530.38
2021-06-07,6/7/21,35816.17
2021-06-08,6/8/21,33514.87
2021-06-09,6/9/21,33450.19
2021-06-10,6/10/21,37338.36
2021-06-11,6/11/21,36704.57
2021-06-12,6/12/21,37313.18
2021-06-13,6/13/21,35494.9
2021-06-14,6/14/21,39066.82
2021-06-15,6/15/21,40525.8
2021-06-16,6/16/21,40188.56
2021-06-17,6/17/21,38324.87
2021-06-18,6/18/21,38068.04
2021-06-19,6/19/21,35729.82
2021-06-20,6/20/21,35524.17
2021-06-21,6/21/21,35592.35
2021-06-22,6/22/21,31686.55
2021-06-23,6/23/21,32447.59
2021-06-24,6/24/21,33674.66
2021-06-25,6/25/21,34639.38
2021-06-26,6/26/21,31640.58
2021-06-27,6/27/21,32160.91
2021-06-28,6/28/21,34644.45
2021-06-29,6/29/21,34456.67
2021-06-30,6/30/21,35847.7
2021-07-01,7/1/21,35047.36
2021-07-02,7/2/21,33536.88
2021-07-03,7/3/21,33856.86
2021-07-04,7/4/21,34688.98
2021-07-05,7/5/21,35309.3
2021-07-06,7/6/21,33747.97
2021-07-07,7/7/21,34211.01
2021-07-08,7/8/21,33839.04
2021-07-09,7/9/21,32877.41
2021-07-10,7/10/21,33818.52
2021-07-11,7/11/21,33515.57
2021-07-12,7/12/21,34227.64
2021-07-13,7/13/21,33158.25
2021-07-14,7/14/21,32686.56
2021-07-15,7/15/21,32814.61
2021-07-16,7/16/21,31738.59
2021-07-17,7/17/21,31421.25
2021-07-18,7/18/21,31520.66
2021-07-19,7/19/21,31783.49
2021-07-20,7/20/21,30815.94
2021-07-21,7/21/21,29790.24
2021-07-22,7/22/21,32118.06
2021-07-23,7/23/21,32297.89
2021-07-24,7/24/21,33581.63
2021-07-25,7/25/21,34279.34
2021-07-26,7/26/21,35365.2
2021-07-27,7/27/21,37318.14
2021-07-28,7/28/21,39405.95
2021-07-29,7/29/21,40002.53
2021-07-30,7/30/21,40005.93
2021-07-31,7/31/21,42214.15
2021-08-01,8/1/21,41659.06
2021-08-02,8/2/21,40000.46
2021-08-03,8/3/21,39193.94
2021-08-04,8/4/21,38138.0
2021-08-05,8/5/21,39750.14
2021-08-06,8/6/21,40882.0
2021-08-07,8/7/21,42825.95
2021-08-08,8/8/21,44634.13
2021-08-09,8/9/21,43816.14
2021-08-10,8/10/21,46333.46
2021-08-11,8/11/21,45608.37
2021-08-12,8/12/21,45611.46
2021-08-13,8/13/21,44417.78
2021-08-14,8/14/21,47833.98
2021-08-15,8/15/21,47112.19
2021-08-16,8/16/21,47056.41
2021-08-17,8/17/21,45982.55
2021-08-18,8/18/21,44648.57
2021-08-19,8/19/21,44777.86
2021-08-20,8/20/21,46734.65
2021-08-21,8/21/21,49327.75
2021-08-22,8/22/21,48932.02
2021-08-23,8/23/21,49335.68
2021-08-24,8/24/21,49523.5
2021-08-25,8/25/21,47744.58
2021-08-26,8/26/21,48972.09
2021-08-27,8/27/21,46962.8
2021-08-28,8/28/21,49056.86
2021-08-29,8/29/21,48897.65
2021-08-30,8/30/21,48806.78
2021-08-31,8/31/21,47074.77
2021-09-01,9/1/21,47155.87
2021-09-02,9/2/21,48862.76
2021-09-03,9/3/21,49329.01
2021-09-04,9/4/21,50035.33
2021-09-05,9/5/21,49947.38
2021-09-06,9/6/21,51769.06
2021-09-07,9/7/21,52677.4
2021-09-08,9/8/21,46809.17
2021-09-09,9/9/21,46078.38
2021-09-10,9/10/21,46368.69
