,Date,USD (PM)
2016-09-12,9/12/16,1324.6
2016-09-13,9/13/16,1323.65
2016-09-14,9/14/16,1321.75
2016-09-15,9/15/16,1310.8
2016-09-16,9/16/16,1308.35
2016-09-19,9/19/16,1314.85
2016-09-20,9/20/16,1313.8
2016-09-21,9/21/16,1326.1
2016-09-22,9/22/16,1339.1
2016-09-23,9/23/16,1338.65
2016-09-26,9/26/16,1340.5
2016-09-27,9/27/16,1327.0
2016-09-28,9/28/16,1322.5
2016-09-29,9/29/16,1318.1
2016-09-30,9/30/16,1322.5
2016-10-03,10/3/16,1313.3
2016-10-04,10/4/16,1283.3
2016-10-05,10/5/16,1269.4
2016-10-06,10/6/16,1254.5
2016-10-07,10/7/16,1258.75
2016-10-10,10/10/16,1259.5
2016-10-11,10/11/16,1253.45
2016-10-12,10/12/16,1256.5
2016-10-13,10/13/16,1261.05
2016-10-14,10/14/16,1251.75
2016-10-17,10/17/16,1254.8
2016-10-18,10/18/16,1258.2
2016-10-19,10/19/16,1269.05
2016-10-20,10/20/16,1271.65
2016-10-21,10/21/16,1266.05
2016-10-24,10/24/16,1265.55
2016-10-25,10/25/16,1269.4
2016-10-26,10/26/16,1270.5
2016-10-27,10/27/16,1266.25
2016-10-28,10/28/16,1273.0
2016-10-31,10/31/16,1272.0
2016-11-01,11/1/16,1288.45
2016-11-02,11/2/16,1303.75
2016-11-03,11/3/16,1301.0
2016-11-04,11/4/16,1302.8
2016-11-07,11/7/16,1283.05
2016-11-08,11/8/16,1282.35
2016-11-09,11/9/16,1281.4
2016-11-10,11/10/16,1267.5
2016-11-11,11/11/16,1236.45
2016-11-14,11/14/16,1213.6
2016-11-15,11/15/16,1226.95
2016-11-16,11/16/16,1229.2
2016-11-17,11/17/16,1226.75
2016-11-18,11/18/16,1211.0
2016-11-21,11/21/16,1214.25
2016-11-22,11/22/16,1212.25
2016-11-23,11/23/16,1185.35
2016-11-24,11/24/16,1186.1
2016-11-25,11/25/16,1187.7
2016-11-28,11/28/16,1187.0
2016-11-29,11/29/16,1186.55
2016-11-30,11/30/16,1178.1
2016-12-01,12/1/16,1161.85
2016-12-02,12/2/16,1173.5
2016-12-05,12/5/16,1162.2
2016-12-06,12/6/16,1172.5
2016-12-07,12/7/16,1177.65
2016-12-08,12/8/16,1171.05
2016-12-09,12/9/16,1163.6
2016-12-12,12/12/16,1156.1
2016-12-13,12/13/16,1158.55
2016-12-14,12/14/16,1162.25
2016-12-15,12/15/16,1126.95
2016-12-16,12/16/16,1131.6
2016-12-19,12/19/16,1136.25
2016-12-20,12/20/16,1125.7
2016-12-21,12/21/16,1133.65
2016-12-22,12/22/16,1131.35
2016-12-23,12/23/16,1132.975
2016-12-28,12/28/16,1134.6
2016-12-29,12/29/16,1145.9
2016-12-30,12/30/16,1148.45
2017-01-03,1/3/17,1151.0
2017-01-04,1/4/17,1164.25
2017-01-05,1/5/17,1176.7
2017-01-06,1/6/17,1175.85
2017-01-09,1/9/17,1178.5
2017-01-10,1/10/17,1189.5
2017-01-11,1/11/17,1178.55
2017-01-12,1/12/17,1205.05
2017-01-13,1/13/17,1190.35
2017-01-16,1/16/17,1203.0
2017-01-17,1/17/17,1216.05
2017-01-18,1/18/17,1214.75
2017-01-19,1/19/17,1196.05
2017-01-20,1/20/17,1200.55
2017-01-23,1/23/17,1212.85
2017-01-24,1/24/17,1216.8
2017-01-25,1/25/17,1195.0
2017-01-26,1/26/17,1189.7
2017-01-27,1/27/17,1184.85
2017-01-30,1/30/17,1192.8
2017-01-31,1/31/17,1212.8
2017-02-01,2/1/17,1203.65
2017-02-02,2/2/17,1221.95
2017-02-03,2/3/17,1215.2
2017-02-06,2/6/17,1226.75
2017-02-07,2/7/17,1231.0
2017-02-08,2/8/17,1242.1
2017-02-09,2/9/17,1236.8
2017-02-10,2/10/17,1228.3
2017-02-13,2/13/17,1222.25
2017-02-14,2/14/17,1230.75
2017-02-15,2/15/17,1224.4
2017-02-16,2/16/17,1240.55
2017-02-17,2/17/17,1241.95
2017-02-20,2/20/17,1237.3
2017-02-21,2/21/17,1233.2
2017-02-22,2/22/17,1236.65
2017-02-23,2/23/17,1247.9
2017-02-24,2/24/17,1253.65
2017-02-27,2/27/17,1257.2
2017-02-28,2/28/17,1255.6
2017-03-01,3/1/17,1240.4
2017-03-02,3/2/17,1238.1
2017-03-03,3/3/17,1226.5
2017-03-06,3/6/17,1230.95
2017-03-07,3/7/17,1216.65
2017-03-08,3/8/17,1209.2
2017-03-09,3/9/17,1206.55
2017-03-10,3/10/17,1202.65
2017-03-13,3/13/17,1204.2
2017-03-14,3/14/17,1204.6
2017-03-15,3/15/17,1198.8
2017-03-16,3/16/17,1229.35
2017-03-17,3/17/17,1229.6
2017-03-20,3/20/17,1232.4
2017-03-21,3/21/17,1241.6
2017-03-22,3/22/17,1249.05
2017-03-23,3/23/17,1247.5
2017-03-24,3/24/17,1247.5
2017-03-27,3/27/17,1257.55
2017-03-28,3/28/17,1257.25
2017-03-29,3/29/17,1251.1
2017-03-30,3/30/17,1248.8
2017-03-31,3/31/17,1244.85
2017-04-03,4/3/17,1247.25
2017-04-04,4/4/17,1257.65
2017-04-05,4/5/17,1245.8
2017-04-06,4/6/17,1252.5
2017-04-07,4/7/17,1266.45
2017-04-10,4/10/17,1250.05
2017-04-11,4/11/17,1252.9
2017-04-12,4/12/17,1274.3
2017-04-13,4/13/17,1284.15
2017-04-18,4/18/17,1278.95
2017-04-19,4/19/17,1279.05
2017-04-20,4/20/17,1282.1
2017-04-21,4/21/17,1281.85
2017-04-24,4/24/17,1269.4
2017-04-25,4/25/17,1267.8
2017-04-26,4/26/17,1261.85
2017-04-27,4/27/17,1262.8
2017-04-28,4/28/17,1266.45
2017-05-02,5/2/17,1255.45
2017-05-03,5/3/17,1250.3
2017-05-04,5/4/17,1228.45
2017-05-05,5/5/17,1228.05
2017-05-08,5/8/17,1229.8
2017-05-09,5/9/17,1220.4
2017-05-10,5/10/17,1222.95
2017-05-11,5/11/17,1223.15
2017-05-12,5/12/17,1231.25
2017-05-15,5/15/17,1233.3
2017-05-16,5/16/17,1234.2
2017-05-17,5/17/17,1257.4
2017-05-18,5/18/17,1255.9
2017-05-19,5/19/17,1252.0
2017-05-22,5/22/17,1258.85
2017-05-23,5/23/17,1260.2
2017-05-24,5/24/17,1252.55
2017-05-25,5/25/17,1256.95
2017-05-26,5/26/17,1265.05
2017-05-30,5/30/17,1262.7
2017-05-31,5/31/17,1266.2
2017-06-01,6/1/17,1264.85
2017-06-02,6/2/17,1274.95
2017-06-05,6/5/17,1279.95
2017-06-06,6/6/17,1293.5
2017-06-07,6/7/17,1291.0
2017-06-08,6/8/17,1273.1
2017-06-09,6/9/17,1266.55
2017-06-12,6/12/17,1266.4
2017-06-13,6/13/17,1262.0
2017-06-14,6/14/17,1275.5
2017-06-15,6/15/17,1254.55
2017-06-16,6/16/17,1255.4
2017-06-19,6/19/17,1248.15
2017-06-20,6/20/17,1242.2
2017-06-21,6/21/17,1242.5
2017-06-22,6/22/17,1250.8
2017-06-23,6/23/17,1255.7
2017-06-26,6/26/17,1245.25
2017-06-27,6/27/17,1249.55
2017-06-28,6/28/17,1248.0
2017-06-29,6/29/17,1243.5
2017-06-30,6/30/17,1242.25
2017-07-03,7/3/17,1229.25
2017-07-04,7/4/17,1223.75
2017-07-05,7/5/17,1220.3
2017-07-06,7/6/17,1224.9
2017-07-07,7/7/17,1215.65
2017-07-10,7/10/17,1211.9
2017-07-11,7/11/17,1211.05
2017-07-12,7/12/17,1218.8
2017-07-13,7/13/17,1218.9
2017-07-14,7/14/17,1230.3
2017-07-17,7/17/17,1234.1
2017-07-18,7/18/17,1240.75
2017-07-19,7/19/17,1242.15
2017-07-20,7/20/17,1238.7
2017-07-21,7/21/17,1248.55
2017-07-24,7/24/17,1255.55
2017-07-25,7/25/17,1254.4
2017-07-26,7/26/17,1248.1
2017-07-27,7/27/17,1261.1
2017-07-28,7/28/17,1264.9
2017-07-31,7/31/17,1267.55
2017-08-01,8/1/17,1270.95
2017-08-02,8/2/17,1269.6
2017-08-03,8/3/17,1268.1
2017-08-04,8/4/17,1257.7
2017-08-07,8/7/17,1258.0
2017-08-08,8/8/17,1261.8
2017-08-09,8/9/17,1271.05
2017-08-10,8/10/17,1284.4
2017-08-11,8/11/17,1286.1
2017-08-14,8/14/17,1282.3
2017-08-15,8/15/17,1270.3
2017-08-16,8/16/17,1272.75
2017-08-17,8/17/17,1285.15
2017-08-18,8/18/17,1295.8
2017-08-21,8/21/17,1292.9
2017-08-22,8/22/17,1284.2
2017-08-23,8/23/17,1286.65
2017-08-24,8/24/17,1289.0
2017-08-25,8/25/17,1285.3
2017-08-29,8/29/17,1318.65
2017-08-30,8/30/17,1308.5
2017-08-31,8/31/17,1311.75
2017-09-01,9/1/17,1320.4
2017-09-04,9/4/17,1333.1
2017-09-05,9/5/17,1335.55
2017-09-06,9/6/17,1337.85
2017-09-07,9/7/17,1343.5
2017-09-08,9/8/17,1346.25
2017-09-11,9/11/17,1334.2
2017-09-12,9/12/17,1326.5
2017-09-13,9/13/17,1327.55
2017-09-14,9/14/17,1324.55
2017-09-15,9/15/17,1322.85
2017-09-18,9/18/17,1312.1
2017-09-19,9/19/17,1309.6
2017-09-20,9/20/17,1311.3
2017-09-21,9/21/17,1292.1
2017-09-22,9/22/17,1294.8
2017-09-25,9/25/17,1293.3
2017-09-26,9/26/17,1300.05
2017-09-27,9/27/17,1282.55
2017-09-28,9/28/17,1283.35
2017-09-29,9/29/17,1283.1
2017-10-02,10/2/17,1273.7
2017-10-03,10/3/17,1271.25
2017-10-04,10/4/17,1274.25
2017-10-05,10/5/17,1274.5
2017-10-06,10/6/17,1261.8
2017-10-09,10/9/17,1278.75
2017-10-10,10/10/17,1291.4
2017-10-11,10/11/17,1289.25
2017-10-12,10/12/17,1290.25
2017-10-13,10/13/17,1299.6
2017-10-16,10/16/17,1303.3
2017-10-17,10/17/17,1284.75
2017-10-18,10/18/17,1280.2
2017-10-19,10/19/17,1286.4
2017-10-20,10/20/17,1281.2
2017-10-23,10/23/17,1274.9
2017-10-24,10/24/17,1276.45
2017-10-25,10/25/17,1275.0
2017-10-26,10/26/17,1273.75
2017-10-27,10/27/17,1266.45
2017-10-30,10/30/17,1272.0
2017-10-31,10/31/17,1270.15
2017-11-01,11/1/17,1277.05
2017-11-02,11/2/17,1279.2
2017-11-03,11/3/17,1267.2
2017-11-06,11/6/17,1270.9
2017-11-07,11/7/17,1275.6
2017-11-08,11/8/17,1284.0
2017-11-09,11/9/17,1284.8
2017-11-10,11/10/17,1284.3
2017-11-13,11/13/17,1277.95
2017-11-14,11/14/17,1274.6
2017-11-15,11/15/17,1282.2
2017-11-16,11/16/17,1280.0
2017-11-17,11/17/17,1284.35
2017-11-20,11/20/17,1286.2
2017-11-21,11/21/17,1283.3
2017-11-22,11/22/17,1286.95
2017-11-23,11/23/17,1290.35
2017-11-24,11/24/17,1290.5
2017-11-27,11/27/17,1294.9
2017-11-28,11/28/17,1291.85
2017-11-29,11/29/17,1283.85
2017-11-30,11/30/17,1280.2
2017-12-01,12/1/17,1275.5
2017-12-04,12/4/17,1273.45
2017-12-05,12/5/17,1266.3
2017-12-06,12/6/17,1263.7
2017-12-07,12/7/17,1255.0
2017-12-08,12/8/17,1250.65
2017-12-11,12/11/17,1247.15
2017-12-12,12/12/17,1240.9
2017-12-13,12/13/17,1242.65
2017-12-14,12/14/17,1251.0
2017-12-15,12/15/17,1254.6
2017-12-18,12/18/17,1260.6
2017-12-19,12/19/17,1260.35
2017-12-20,12/20/17,1264.55
2017-12-21,12/21/17,1264.55
2017-12-22,12/22/17,1271.975
2017-12-27,12/27/17,1279.4
2017-12-28,12/28/17,1291.0
2017-12-29,12/29/17,1301.525
2018-01-02,1/2/18,1312.05
2018-01-03,1/3/18,1314.9
2018-01-04,1/4/18,1314.5
2018-01-05,1/5/18,1317.15
2018-01-08,1/8/18,1319.95
2018-01-09,1/9/18,1311.0
2018-01-10,1/10/18,1319.75
2018-01-11,1/11/18,1323.05
2018-01-12,1/12/18,1326.8
2018-01-15,1/15/18,1339.25
2018-01-16,1/16/18,1333.85
2018-01-17,1/17/18,1335.65
2018-01-18,1/18/18,1332.2
2018-01-19,1/19/18,1334.95
2018-01-22,1/22/18,1332.6
2018-01-23,1/23/18,1333.4
2018-01-24,1/24/18,1353.7
2018-01-25,1/25/18,1354.95
2018-01-26,1/26/18,1353.15
2018-01-29,1/29/18,1343.85
2018-01-30,1/30/18,1344.9
2018-01-31,1/31/18,1345.05
2018-02-01,2/1/18,1341.35
2018-02-02,2/2/18,1331.15
2018-02-05,2/5/18,1333.6
2018-02-06,2/6/18,1331.4
2018-02-07,2/7/18,1324.65
2018-02-08,2/8/18,1315.45
2018-02-09,2/9/18,1314.1
2018-02-12,2/12/18,1322.3
2018-02-13,2/13/18,1325.35
2018-02-14,2/14/18,1336.25
2018-02-15,2/15/18,1352.45
2018-02-16,2/16/18,1352.1
2018-02-19,2/19/18,1346.6
2018-02-20,2/20/18,1339.85
2018-02-21,2/21/18,1330.5
2018-02-22,2/22/18,1328.35
2018-02-23,2/23/18,1327.95
2018-02-26,2/26/18,1333.5
2018-02-27,2/27/18,1325.75
2018-02-28,2/28/18,1317.85
2018-03-01,3/1/18,1307.75
2018-03-02,3/2/18,1322.3
2018-03-05,3/5/18,1320.4
2018-03-06,3/6/18,1331.4
2018-03-07,3/7/18,1329.4
2018-03-08,3/8/18,1321.0
2018-03-09,3/9/18,1320.6
2018-03-12,3/12/18,1319.15
2018-03-13,3/13/18,1322.75
2018-03-14,3/14/18,1323.55
2018-03-15,3/15/18,1318.75
2018-03-16,3/16/18,1310.1
2018-03-19,3/19/18,1312.4
2018-03-20,3/20/18,1311.0
2018-03-21,3/21/18,1321.35
2018-03-22,3/22/18,1329.15
2018-03-23,3/23/18,1346.6
2018-03-26,3/26/18,1352.4
2018-03-27,3/27/18,1341.45
2018-03-28,3/28/18,1332.45
2018-03-29,3/29/18,1323.85
2018-04-03,4/3/18,1333.45
2018-04-04,4/4/18,1337.3
2018-04-05,4/5/18,1327.7
2018-04-06,4/6/18,1331.2
2018-04-09,4/9/18,1331.95
2018-04-10,4/10/18,1338.95
2018-04-11,4/11/18,1350.75
2018-04-12,4/12/18,1341.35
2018-04-13,4/13/18,1343.7
2018-04-16,4/16/18,1349.35
2018-04-17,4/17/18,1342.1
2018-04-18,4/18/18,1351.45
2018-04-19,4/19/18,1348.6
2018-04-20,4/20/18,1336.75
2018-04-23,4/23/18,1324.3
2018-04-24,4/24/18,1328.85
2018-04-25,4/25/18,1321.65
2018-04-26,4/26/18,1320.7
2018-04-27,4/27/18,1321.5
2018-04-30,4/30/18,1313.2
2018-05-01,5/1/18,1307.1
2018-05-02,5/2/18,1304.2
2018-05-03,5/3/18,1315.05
2018-05-04,5/4/18,1309.4
2018-05-08,5/8/18,1306.6
2018-05-09,5/9/18,1313.85
2018-05-10,5/10/18,1318.8
2018-05-11,5/11/18,1324.35
2018-05-14,5/14/18,1319.85
2018-05-15,5/15/18,1295.0
2018-05-16,5/16/18,1291.25
2018-05-17,5/17/18,1289.5
2018-05-18,5/18/18,1288.3
2018-05-21,5/21/18,1288.35
2018-05-22,5/22/18,1293.05
2018-05-23,5/23/18,1289.0
2018-05-24,5/24/18,1304.85
2018-05-25,5/25/18,1303.5
2018-05-29,5/29/18,1295.5
2018-05-30,5/30/18,1300.7
2018-05-31,5/31/18,1305.35
2018-06-01,6/1/18,1294.6
2018-06-04,6/4/18,1295.45
2018-06-05,6/5/18,1292.05
2018-06-06,6/6/18,1300.1
2018-06-07,6/7/18,1297.25
2018-06-08,6/8/18,1298.25
2018-06-11,6/11/18,1299.6
2018-06-12,6/12/18,1298.65
2018-06-13,6/13/18,1296.15
2018-06-14,6/14/18,1302.75
2018-06-15,6/15/18,1285.25
2018-06-18,6/18/18,1281.55
2018-06-19,6/19/18,1276.15
2018-06-20,6/20/18,1274.2
2018-06-21,6/21/18,1266.15
2018-06-22,6/22/18,1269.15
2018-06-25,6/25/18,1268.7
2018-06-26,6/26/18,1260.3
2018-06-27,6/27/18,1254.6
2018-06-28,6/28/18,1251.55
2018-06-29,6/29/18,1250.45
2018-07-02,7/2/18,1247.8
2018-07-03,7/3/18,1251.75
2018-07-04,7/4/18,1255.65
2018-07-05,7/5/18,1255.5
2018-07-06,7/6/18,1255.35
2018-07-09,7/9/18,1262.05
2018-07-10,7/10/18,1254.0
2018-07-11,7/11/18,1251.4
2018-07-12,7/12/18,1245.9
2018-07-13,7/13/18,1241.7
2018-07-16,7/16/18,1241.1
2018-07-17,7/17/18,1232.8
2018-07-18,7/18/18,1224.5
2018-07-19,7/19/18,1217.55
2018-07-20,7/20/18,1228.75
2018-07-23,7/23/18,1224.95
2018-07-24,7/24/18,1228.35
2018-07-25,7/25/18,1231.5
2018-07-26,7/26/18,1228.25
2018-07-27,7/27/18,1223.95
2018-07-30,7/30/18,1223.8
2018-07-31,7/31/18,1220.95
2018-08-01,8/1/18,1219.0
2018-08-02,8/2/18,1215.45
2018-08-03,8/3/18,1216.3
2018-08-06,8/6/18,1209.65
2018-08-07,8/7/18,1212.35
2018-08-08,8/8/18,1209.55
2018-08-09,8/9/18,1214.35
2018-08-10,8/10/18,1214.4
2018-08-13,8/13/18,1200.35
2018-08-14,8/14/18,1197.0
2018-08-15,8/15/18,1182.0
2018-08-16,8/16/18,1180.4
2018-08-17,8/17/18,1178.4
2018-08-20,8/20/18,1184.35
2018-08-21,8/21/18,1190.95
2018-08-22,8/22/18,1196.65
2018-08-23,8/23/18,1192.35
2018-08-24,8/24/18,1197.7
2018-08-28,8/28/18,1212.25
2018-08-29,8/29/18,1204.2
2018-08-30,8/30/18,1197.3
2018-08-31,8/31/18,1202.45
2018-09-03,9/3/18,1200.05
2018-09-04,9/4/18,1190.85
2018-09-05,9/5/18,1196.7
2018-09-06,9/6/18,1205.15
2018-09-07,9/7/18,1198.9
2018-09-10,9/10/18,1196.6
2018-09-11,9/11/18,1189.85
2018-09-12,9/12/18,1195.6
2018-09-13,9/13/18,1209.8
2018-09-14,9/14/18,1201.95
2018-09-17,9/17/18,1201.9
2018-09-18,9/18/18,1200.2
2018-09-19,9/19/18,1203.3
2018-09-20,9/20/18,1208.35
2018-09-21,9/21/18,1198.7
2018-09-24,9/24/18,1202.75
2018-09-25,9/25/18,1201.9
2018-09-26,9/26/18,1194.25
2018-09-27,9/27/18,1185.4
2018-09-28,9/28/18,1187.25
2018-10-01,10/1/18,1189.35
2018-10-02,10/2/18,1204.7
2018-10-03,10/3/18,1201.2
2018-10-04,10/4/18,1203.45
2018-10-05,10/5/18,1203.8
2018-10-08,10/8/18,1186.95
2018-10-09,10/9/18,1185.55
2018-10-10,10/10/18,1188.6
2018-10-11,10/11/18,1205.55
2018-10-12,10/12/18,1219.75
2018-10-15,10/15/18,1229.95
2018-10-16,10/16/18,1230.7
2018-10-17,10/17/18,1229.05
2018-10-18,10/18/18,1223.0
2018-10-19,10/19/18,1227.85
2018-10-22,10/22/18,1222.3
2018-10-23,10/23/18,1235.95
2018-10-24,10/24/18,1230.55
2018-10-25,10/25/18,1230.8
2018-10-26,10/26/18,1233.85
2018-10-29,10/29/18,1230.8
2018-10-30,10/30/18,1225.4
2018-10-31,10/31/18,1214.95
2018-11-01,11/1/18,1231.15
2018-11-02,11/2/18,1232.1
2018-11-05,11/5/18,1232.25
2018-11-06,11/6/18,1231.6
2018-11-07,11/7/18,1229.95
2018-11-08,11/8/18,1224.15
2018-11-09,11/9/18,1211.4
2018-11-12,11/12/18,1205.55
2018-11-13,11/13/18,1202.1
2018-11-14,11/14/18,1203.25
2018-11-15,11/15/18,1211.85
2018-11-16,11/16/18,1222.4
2018-11-19,11/19/18,1221.6
2018-11-20,11/20/18,1223.0
2018-11-21,11/21/18,1226.1
2018-11-22,11/22/18,1227.05
2018-11-23,11/23/18,1223.65
2018-11-26,11/26/18,1223.4
2018-11-27,11/27/18,1221.2
2018-11-28,11/28/18,1213.25
2018-11-29,11/29/18,1226.25
2018-11-30,11/30/18,1217.55
2018-12-03,12/3/18,1230.3
2018-12-04,12/4/18,1240.3
2018-12-05,12/5/18,1235.9
2018-12-06,12/6/18,1242.55
2018-12-07,12/7/18,1243.3
2018-12-10,12/10/18,1245.35
2018-12-11,12/11/18,1245.3
2018-12-12,12/12/18,1245.75
2018-12-13,12/13/18,1242.75
2018-12-14,12/14/18,1235.35
2018-12-17,12/17/18,1241.65
2018-12-18,12/18/18,1246.3
2018-12-19,12/19/18,1255.0
2018-12-20,12/20/18,1259.75
2018-12-21,12/21/18,1258.15
2018-12-24,12/24/18,1263.075
2018-12-27,12/27/18,1268.0
2018-12-28,12/28/18,1279.0
2018-12-31,12/31/18,1280.95
2019-01-02,1/2/19,1282.9
2019-01-03,1/3/19,1290.45
2019-01-04,1/4/19,1279.9
2019-01-07,1/7/19,1292.2
2019-01-08,1/8/19,1286.45
2019-01-09,1/9/19,1288.6
2019-01-10,1/10/19,1291.9
2019-01-11,1/11/19,1288.95
2019-01-14,1/14/19,1292.75
2019-01-15,1/15/19,1294.4
2019-01-16,1/16/19,1292.3
2019-01-17,1/17/19,1290.7
2019-01-18,1/18/19,1284.2
2019-01-21,1/21/19,1279.55
2019-01-22,1/22/19,1282.1
2019-01-23,1/23/19,1279.8
2019-01-24,1/24/19,1283.7
2019-01-25,1/25/19,1293.9
2019-01-28,1/28/19,1302.15
2019-01-29,1/29/19,1307.55
2019-01-30,1/30/19,1310.7
2019-01-31,1/31/19,1323.25
2019-02-01,2/1/19,1318.7
2019-02-04,2/4/19,1312.15
2019-02-05,2/5/19,1314.2
2019-02-06,2/6/19,1312.4
2019-02-07,2/7/19,1310.0
2019-02-08,2/8/19,1314.85
2019-02-11,2/11/19,1306.4
2019-02-12,2/12/19,1310.0
2019-02-13,2/13/19,1312.8
2019-02-14,2/14/19,1311.45
2019-02-15,2/15/19,1316.55
2019-02-18,2/18/19,1325.5
2019-02-19,2/19/19,1334.15
2019-02-20,2/20/19,1343.75
2019-02-21,2/21/19,1331.25
2019-02-22,2/22/19,1329.05
2019-02-25,2/25/19,1331.05
2019-02-26,2/26/19,1325.05
2019-02-27,2/27/19,1322.85
2019-02-28,2/28/19,1319.15
2019-03-01,3/1/19,1311.95
2019-03-04,3/4/19,1285.4
2019-03-05,3/5/19,1283.8
2019-03-06,3/6/19,1285.85
2019-03-07,3/7/19,1285.3
2019-03-08,3/8/19,1296.75
2019-03-11,3/11/19,1292.75
2019-03-12,3/12/19,1297.05
2019-03-13,3/13/19,1306.95
2019-03-14,3/14/19,1295.55
2019-03-15,3/15/19,1303.5
2019-03-18,3/18/19,1305.6
2019-03-19,3/19/19,1307.7
2019-03-20,3/20/19,1303.7
2019-03-21,3/21/19,1309.6
2019-03-22,3/22/19,1311.3
2019-03-25,3/25/19,1319.55
2019-03-26,3/26/19,1316.3
2019-03-27,3/27/19,1309.7
2019-03-28,3/28/19,1295.15
2019-03-29,3/29/19,1295.4
2019-04-01,4/1/19,1293.5
2019-04-02,4/2/19,1290.3
2019-04-03,4/3/19,1290.45
2019-04-04,4/4/19,1283.15
2019-04-05,4/5/19,1288.45
2019-04-08,4/8/19,1300.0
2019-04-09,4/9/19,1303.0
2019-04-10,4/10/19,1305.45
2019-04-11,4/11/19,1298.8
2019-04-12,4/12/19,1294.3
2019-04-15,4/15/19,1285.65
2019-04-16,4/16/19,1276.35
2019-04-17,4/17/19,1275.85
2019-04-18,4/18/19,1275.7
2019-04-23,4/23/19,1269.5
2019-04-24,4/24/19,1271.65
2019-04-25,4/25/19,1280.8
2019-04-26,4/26/19,1284.2
2019-04-29,4/29/19,1279.5
2019-04-30,4/30/19,1282.3
2019-05-01,5/1/19,1283.8
2019-05-02,5/2/19,1270.95
2019-05-03,5/3/19,1278.55
2019-05-07,5/7/19,1281.2
2019-05-08,5/8/19,1285.2
2019-05-09,5/9/19,1286.1
2019-05-10,5/10/19,1287.1
2019-05-13,5/13/19,1295.6
2019-05-14,5/14/19,1298.4
2019-05-15,5/15/19,1299.1
2019-05-16,5/16/19,1291.7
2019-05-17,5/17/19,1280.8
2019-05-20,5/20/19,1276.85
2019-05-21,5/21/19,1271.15
2019-05-22,5/22/19,1273.8
2019-05-23,5/23/19,1283.65
2019-05-24,5/24/19,1282.5
2019-05-28,5/28/19,1278.3
2019-05-29,5/29/19,1281.65
2019-05-30,5/30/19,1280.95
2019-05-31,5/31/19,1295.55
2019-06-03,6/3/19,1317.1
2019-06-04,6/4/19,1324.25
2019-06-05,6/5/19,1335.05
2019-06-06,6/6/19,1335.5
2019-06-07,6/7/19,1340.65
2019-06-10,6/10/19,1328.6
2019-06-11,6/11/19,1324.3
2019-06-12,6/12/19,1332.35
2019-06-13,6/13/19,1335.9
2019-06-14,6/14/19,1351.25
2019-06-17,6/17/19,1341.3
2019-06-18,6/18/19,1341.35
2019-06-19,6/19/19,1344.05
2019-06-20,6/20/19,1379.5
2019-06-21,6/21/19,1397.15
2019-06-24,6/24/19,1405.7
2019-06-25,6/25/19,1431.4
2019-06-26,6/26/19,1403.95
2019-06-27,6/27/19,1402.5
2019-06-28,6/28/19,1409.0
2019-07-01,7/1/19,1390.1
2019-07-02,7/2/19,1391.05
2019-07-03,7/3/19,1413.5
2019-07-04,7/4/19,1414.9
2019-07-05,7/5/19,1388.65
2019-07-08,7/8/19,1400.1
2019-07-09,7/9/19,1391.55
2019-07-10,7/10/19,1408.3
2019-07-11,7/11/19,1413.75
2019-07-12,7/12/19,1407.6
2019-07-15,7/15/19,1412.4
2019-07-16,7/16/19,1409.85
2019-07-17,7/17/19,1410.35
2019-07-18,7/18/19,1417.45
2019-07-19,7/19/19,1439.7
2019-07-22,7/22/19,1427.75
2019-07-23,7/23/19,1425.55
2019-07-24,7/24/19,1426.95
2019-07-25,7/25/19,1416.1
2019-07-26,7/26/19,1420.4
2019-07-29,7/29/19,1419.05
2019-07-30,7/30/19,1425.9
2019-07-31,7/31/19,1427.55
2019-08-01,8/1/19,1406.8
2019-08-02,8/2/19,1441.75
2019-08-05,8/5/19,1465.25
2019-08-06,8/6/19,1465.25
2019-08-07,8/7/19,1506.05
2019-08-08,8/8/19,1495.75
2019-08-09,8/9/19,1497.7
2019-08-12,8/12/19,1504.7
2019-08-13,8/13/19,1498.4
2019-08-14,8/14/19,1513.25
2019-08-15,8/15/19,1515.65
2019-08-16,8/16/19,1515.25
2019-08-19,8/19/19,1496.6
2019-08-20,8/20/19,1504.55
2019-08-21,8/21/19,1503.25
2019-08-22,8/22/19,1502.05
2019-08-23,8/23/19,1503.8
2019-08-27,8/27/19,1532.95
2019-08-28,8/28/19,1537.15
2019-08-29,8/29/19,1540.2
2019-08-30,8/30/19,1528.4
2019-09-02,9/2/19,1525.95
2019-09-03,9/3/19,1537.85
2019-09-04,9/4/19,1546.1
2019-09-05,9/5/19,1529.1
2019-09-06,9/6/19,1523.7
2019-09-09,9/9/19,1509.2
2019-09-10,9/10/19,1498.25
2019-09-11,9/11/19,1490.65
2019-09-12,9/12/19,1515.2
2019-09-13,9/13/19,1503.1
2019-09-16,9/16/19,1497.2
2019-09-17,9/17/19,1502.1
2019-09-18,9/18/19,1503.5
2019-09-19,9/19/19,1500.7
2019-09-20,9/20/19,1501.9
2019-09-23,9/23/19,1522.1
2019-09-24,9/24/19,1520.65
2019-09-25,9/25/19,1528.75
2019-09-26,9/26/19,1506.4
2019-09-27,9/27/19,1489.9
2019-09-30,9/30/19,1485.3
2019-10-01,10/1/19,1473.45
2019-10-02,10/2/19,1492.6
2019-10-03,10/3/19,1517.1
2019-10-04,10/4/19,1499.15
2019-10-07,10/7/19,1501.25
2019-10-08,10/8/19,1505.85
2019-10-09,10/9/19,1507.25
2019-10-10,10/10/19,1494.8
2019-10-11,10/11/19,1479.15
2019-10-14,10/14/19,1490.6
2019-10-15,10/15/19,1487.8
2019-10-16,10/16/19,1485.1
2019-10-17,10/17/19,1492.65
2019-10-18,10/18/19,1490.0
2019-10-21,10/21/19,1491.65
2019-10-22,10/22/19,1485.35
2019-10-23,10/23/19,1494.45
2019-10-24,10/24/19,1496.55
2019-10-25,10/25/19,1513.45
2019-10-28,10/28/19,1492.4
2019-10-29,10/29/19,1486.75
2019-10-30,10/30/19,1492.1
2019-10-31,10/31/19,1510.95
2019-11-01,11/1/19,1508.8
2019-11-04,11/4/19,1509.45
2019-11-05,11/5/19,1488.95
2019-11-06,11/6/19,1486.05
2019-11-07,11/7/19,1484.25
2019-11-08,11/8/19,1464.15
2019-11-11,11/11/19,1458.7
2019-11-12,11/12/19,1452.05
2019-11-13,11/13/19,1462.9
2019-11-14,11/14/19,1466.65
2019-11-15,11/15/19,1466.9
2019-11-18,11/18/19,1467.65
2019-11-19,11/19/19,1468.45
2019-11-20,11/20/19,1471.7
2019-11-21,11/21/19,1467.05
2019-11-22,11/22/19,1464.45
2019-11-25,11/25/19,1458.4
2019-11-26,11/26/19,1454.65
2019-11-27,11/27/19,1454.35
2019-11-28,11/28/19,1454.65
2019-11-29,11/29/19,1460.15
2019-12-02,12/2/19,1461.15
2019-12-03,12/3/19,1477.3
2019-12-04,12/4/19,1475.1
2019-12-05,12/5/19,1475.95
2019-12-06,12/6/19,1459.65
2019-12-09,12/9/19,1461.7
2019-12-10,12/10/19,1464.95
2019-12-11,12/11/19,1466.8
2019-12-12,12/12/19,1467.8
2019-12-13,12/13/19,1466.6
2019-12-16,12/16/19,1477.9
2019-12-17,12/17/19,1475.8
2019-12-18,12/18/19,1474.05
2019-12-19,12/19/19,1476.7
2019-12-20,12/20/19,1479.0
2019-12-23,12/23/19,1482.1
2019-12-24,12/24/19,1496.8
2019-12-27,12/27/19,1511.5
2019-12-30,12/30/19,1514.75
2019-12-31,12/31/19,1520.925
2020-01-02,1/2/20,1527.1
2020-01-03,1/3/20,1548.75
2020-01-06,1/6/20,1573.1
2020-01-07,1/7/20,1567.85
2020-01-08,1/8/20,1571.95
2020-01-09,1/9/20,1550.75
2020-01-10,1/10/20,1553.6
2020-01-13,1/13/20,1549.9
2020-01-14,1/14/20,1545.1
2020-01-15,1/15/20,1549.0
2020-01-16,1/16/20,1554.55
2020-01-17,1/17/20,1557.6
2020-01-20,1/20/20,1560.15
2020-01-21,1/21/20,1551.3
2020-01-22,1/22/20,1556.9
2020-01-23,1/23/20,1562.9
2020-01-24,1/24/20,1564.3
2020-01-27,1/27/20,1580.1
2020-01-28,1/28/20,1574.0
2020-01-29,1/29/20,1573.45
2020-01-30,1/30/20,1578.25
2020-01-31,1/31/20,1584.2
2020-02-03,2/3/20,1574.75
2020-02-04,2/4/20,1558.35
2020-02-05,2/5/20,1553.3
2020-02-06,2/6/20,1563.3
2020-02-07,2/7/20,1572.65
2020-02-10,2/10/20,1573.2
2020-02-11,2/11/20,1570.5
2020-02-12,2/12/20,1563.7
2020-02-13,2/13/20,1575.05
2020-02-14,2/14/20,1581.4
2020-02-17,2/17/20,1580.8
2020-02-18,2/18/20,1589.85
2020-02-19,2/19/20,1604.2
2020-02-20,2/20/20,1619.0
2020-02-21,2/21/20,1643.3
2020-02-24,2/24/20,1671.65
2020-02-25,2/25/20,1650.3
2020-02-26,2/26/20,1634.9
2020-02-27,2/27/20,1652.0
2020-02-28,2/28/20,1609.85
2020-03-02,3/2/20,1599.65
2020-03-03,3/3/20,1615.5
2020-03-04,3/4/20,1641.85
2020-03-05,3/5/20,1659.6
2020-03-06,3/6/20,1683.65
2020-03-09,3/9/20,1672.5
2020-03-10,3/10/20,1655.7
2020-03-11,3/11/20,1653.75
2020-03-12,3/12/20,1570.7
2020-03-13,3/13/20,1562.8
2020-03-16,3/16/20,1487.7
2020-03-17,3/17/20,1536.2
2020-03-18,3/18/20,1498.2
2020-03-19,3/19/20,1474.25
2020-03-20,3/20/20,1494.4
2020-03-23,3/23/20,1525.4
2020-03-24,3/24/20,1605.75
2020-03-25,3/25/20,1605.45
2020-03-26,3/26/20,1634.8
2020-03-27,3/27/20,1617.3
2020-03-30,3/30/20,1618.3
2020-03-31,3/31/20,1608.95
2020-04-01,4/1/20,1576.55
2020-04-02,4/2/20,1616.8
2020-04-03,4/3/20,1613.1
2020-04-06,4/6/20,1648.3
2020-04-07,4/7/20,1649.25
2020-04-08,4/8/20,1647.8
2020-04-09,4/9/20,1680.65
2020-04-14,4/14/20,1741.9
2020-04-15,4/15/20,1718.65
2020-04-16,4/16/20,1729.5
2020-04-17,4/17/20,1692.55
2020-04-20,4/20/20,1686.2
2020-04-21,4/21/20,1682.05
2020-04-22,4/22/20,1710.55
2020-04-23,4/23/20,1736.25
2020-04-24,4/24/20,1715.9
2020-04-27,4/27/20,1714.95
2020-04-28,4/28/20,1691.55
2020-04-29,4/29/20,1703.35
2020-04-30,4/30/20,1702.75
2020-05-01,5/1/20,1686.25
2020-05-04,5/4/20,1709.1
2020-05-05,5/5/20,1699.55
2020-05-06,5/6/20,1691.5
2020-05-07,5/7/20,1704.05
2020-05-11,5/11/20,1702.75
2020-05-12,5/12/20,1702.4
2020-05-13,5/13/20,1708.4
2020-05-14,5/14/20,1731.6
2020-05-15,5/15/20,1735.35
2020-05-18,5/18/20,1734.7
2020-05-19,5/19/20,1737.95
2020-05-20,5/20/20,1748.3
2020-05-21,5/21/20,1724.9
2020-05-22,5/22/20,1733.55
2020-05-26,5/26/20,1720.25
2020-05-27,5/27/20,1694.6
2020-05-28,5/28/20,1717.35
2020-05-29,5/29/20,1728.7
2020-06-01,6/1/20,1730.6
2020-06-02,6/2/20,1742.15
2020-06-03,6/3/20,1705.35
2020-06-04,6/4/20,1700.05
2020-06-05,6/5/20,1683.45
2020-06-08,6/8/20,1690.35
2020-06-09,6/9/20,1713.5
2020-06-10,6/10/20,1722.05
2020-06-11,6/11/20,1738.25
2020-06-12,6/12/20,1733.5
2020-06-15,6/15/20,1710.45
2020-06-16,6/16/20,1719.85
2020-06-17,6/17/20,1724.35
2020-06-18,6/18/20,1719.5
2020-06-19,6/19/20,1734.75
2020-06-22,6/22/20,1761.85
2020-06-23,6/23/20,1768.9
2020-06-24,6/24/20,1766.05
2020-06-25,6/25/20,1756.55
2020-06-26,6/26/20,1747.6
2020-06-29,6/29/20,1771.6
2020-06-30,6/30/20,1768.1
2020-07-01,7/1/20,1771.05
2020-07-02,7/2/20,1777.45
2020-07-03,7/3/20,1772.9
2020-07-06,7/6/20,1787.9
2020-07-07,7/7/20,1789.55
2020-07-08,7/8/20,1811.1
2020-07-09,7/9/20,1812.1
2020-07-10,7/10/20,1803.1
2020-07-13,7/13/20,1807.5
2020-07-14,7/14/20,1801.9
2020-07-15,7/15/20,1804.6
2020-07-16,7/16/20,1807.7
2020-07-17,7/17/20,1807.35
2020-07-20,7/20/20,1815.65
2020-07-21,7/21/20,1842.55
2020-07-22,7/22/20,1852.4
2020-07-23,7/23/20,1878.3
2020-07-24,7/24/20,1902.1
2020-07-27,7/27/20,1936.65
2020-07-28,7/28/20,1940.9
2020-07-29,7/29/20,1950.9
2020-07-30,7/30/20,1957.65
2020-07-31,7/31/20,1964.9
2020-08-03,8/3/20,1958.55
2020-08-04,8/4/20,1977.9
2020-08-05,8/5/20,2048.15
2020-08-06,8/6/20,2067.15
2020-08-07,8/7/20,2031.15
2020-08-10,8/10/20,2044.5
2020-08-11,8/11/20,1939.65
2020-08-12,8/12/20,1931.9
2020-08-13,8/13/20,1944.25
2020-08-14,8/14/20,1944.75
2020-08-17,8/17/20,1972.85
2020-08-18,8/18/20,2008.75
2020-08-19,8/19/20,1981.0
2020-08-20,8/20/20,1927.15
2020-08-21,8/21/20,1924.35
2020-08-24,8/24/20,1943.95
2020-08-25,8/25/20,1911.15
2020-08-26,8/26/20,1932.95
2020-08-27,8/27/20,1923.85
2020-08-28,8/28/20,1957.35
2020-09-01,9/1/20,1972.35
2020-09-02,9/2/20,1947.05
2020-09-03,9/3/20,1940.45
2020-09-04,9/4/20,1926.3
2020-09-07,9/7/20,1928.45
2020-09-08,9/8/20,1910.95
2020-09-09,9/9/20,1947.2
2020-09-10,9/10/20,1966.25
2020-09-11,9/11/20,1947.4
2020-09-14,9/14/20,1958.7
2020-09-15,9/15/20,1949.35
2020-09-16,9/16/20,1961.8
2020-09-17,9/17/20,1936.25
2020-09-18,9/18/20,1950.85
2020-09-21,9/21/20,1909.35
2020-09-22,9/22/20,1906.0
2020-09-23,9/23/20,1873.4
2020-09-24,9/24/20,1861.75
2020-09-25,9/25/20,1859.7
2020-09-28,9/28/20,1864.3
2020-09-29,9/29/20,1883.95
2020-09-30,9/30/20,1886.9
2020-10-01,10/1/20,1902.0
2020-10-02,10/2/20,1903.05
2020-10-05,10/5/20,1909.6
2020-10-06,10/6/20,1913.4
2020-10-07,10/7/20,1884.5
2020-10-08,10/8/20,1887.45
2020-10-09,10/9/20,1923.25
2020-10-12,10/12/20,1925.5
2020-10-13,10/13/20,1891.3
2020-10-14,10/14/20,1910.05
2020-10-15,10/15/20,1891.9
2020-10-16,10/16/20,1905.05
2020-10-19,10/19/20,1905.6
2020-10-20,10/20/20,1898.4
2020-10-21,10/21/20,1924.15
2020-10-22,10/22/20,1900.95
2020-10-23,10/23/20,1903.65
2020-10-26,10/26/20,1898.45
2020-10-27,10/27/20,1905.7
2020-10-28,10/28/20,1869.95
2020-10-29,10/29/20,1870.3
2020-10-30,10/30/20,1881.85
2020-11-02,11/2/20,1889.9
2020-11-03,11/3/20,1908.3
2020-11-04,11/4/20,1900.15
2020-11-05,11/5/20,1938.45
2020-11-06,11/6/20,1940.8
2020-11-09,11/9/20,1867.3
2020-11-10,11/10/20,1878.7
2020-11-11,11/11/20,1860.95
2020-11-12,11/12/20,1874.85
2020-11-13,11/13/20,1890.9
2020-11-16,11/16/20,1885.6
2020-11-17,11/17/20,1889.05
2020-11-18,11/18/20,1876.1
2020-11-19,11/19/20,1857.35
2020-11-20,11/20/20,1875.7
2020-11-23,11/23/20,1840.2
2020-11-24,11/24/20,1799.6
2020-11-25,11/25/20,1810.2
2020-11-26,11/26/20,1807.4
2020-11-27,11/27/20,1779.3
2020-11-30,11/30/20,1762.55
2020-12-01,12/1/20,1810.75
2020-12-02,12/2/20,1822.6
2020-12-03,12/3/20,1832.35
2020-12-04,12/4/20,1843.0
2020-12-07,12/7/20,1859.95
2020-12-08,12/8/20,1868.15
2020-12-09,12/9/20,1841.75
2020-12-10,12/10/20,1844.35
2020-12-11,12/11/20,1842.0
2020-12-14,12/14/20,1831.15
2020-12-15,12/15/20,1850.65
2020-12-16,12/16/20,1851.95
2020-12-17,12/17/20,1890.75
2020-12-18,12/18/20,1879.75
2020-12-21,12/21/20,1880.0
2020-12-22,12/22/20,1877.1
2020-12-23,12/23/20,1875.0
2020-12-24,12/24/20,1874.65
2020-12-29,12/29/20,1874.3
2020-12-30,12/30/20,1887.6
2020-12-31,12/31/20,1915.4
2021-01-04,1/4/21,1943.2
2021-01-05,1/5/21,1940.35
2021-01-06,1/6/21,1931.95
2021-01-07,1/7/21,1920.1
2021-01-08,1/8/21,1862.9
2021-01-11,1/11/21,1847.25
2021-01-12,1/12/21,1841.25
2021-01-13,1/13/21,1858.85
2021-01-14,1/14/21,1841.75
2021-01-15,1/15/21,1839.0
2021-01-18,1/18/21,1833.05
2021-01-19,1/19/21,1834.7
2021-01-20,1/20/21,1856.6
2021-01-21,1/21/21,1862.1
2021-01-22,1/22/21,1852.7
2021-01-25,1/25/21,1856.85
2021-01-26,1/26/21,1856.6
2021-01-27,1/27/21,1843.0
2021-01-28,1/28/21,1853.7
2021-01-29,1/29/21,1863.8
2021-02-01,2/1/21,1862.95
2021-02-02,2/2/21,1833.1
2021-02-03,2/3/21,1835.45
2021-02-04,2/4/21,1785.9
2021-02-05,2/5/21,1802.95
2021-02-08,2/8/21,1835.25
2021-02-09,2/9/21,1839.6
2021-02-10,2/10/21,1842.65
2021-02-11,2/11/21,1840.1
2021-02-12,2/12/21,1816.35
2021-02-15,2/15/21,1817.3
2021-02-16,2/16/21,1794.25
2021-02-17,2/17/21,1780.7
2021-02-18,2/18/21,1773.15
2021-02-19,2/19/21,1786.2
2021-02-22,2/22/21,1807.45
2021-02-23,2/23/21,1799.65
2021-02-24,2/24/21,1788.0
2021-02-25,2/25/21,1779.65
2021-02-26,2/26/21,1742.85
2021-03-01,3/1/21,1734.15
2021-03-02,3/2/21,1723.85
2021-03-03,3/3/21,1711.4
2021-03-04,3/4/21,1712.1
2021-03-05,3/5/21,1696.25
2021-03-08,3/8/21,1687.05
2021-03-09,3/9/21,1716.9
2021-03-10,3/10/21,1716.2
2021-03-11,3/11/21,1724.25
2021-03-12,3/12/21,1704.8
2021-03-15,3/15/21,1723.65
2021-03-16,3/16/21,1735.0
2021-03-17,3/17/21,1729.65
2021-03-18,3/18/21,1725.9
2021-03-19,3/19/21,1735.2
2021-03-22,3/22/21,1736.15
2021-03-23,3/23/21,1726.2
2021-03-24,3/24/21,1730.5
2021-03-25,3/25/21,1737.3
2021-03-26,3/26/21,1731.8
2021-03-29,3/29/21,1705.95
2021-03-30,3/30/21,1683.95
2021-03-31,3/31/21,1691.05
2021-04-01,4/1/21,1726.05
2021-04-06,4/6/21,1744.65
2021-04-07,4/7/21,1738.05
2021-04-08,4/8/21,1755.5
2021-04-09,4/9/21,1741.2
2021-04-12,4/12/21,1732.85
2021-04-13,4/13/21,1747.95
2021-04-14,4/14/21,1735.55
2021-04-15,4/15/21,1757.2
2021-04-16,4/16/21,1774.45
2021-04-19,4/19/21,1774.5
2021-04-20,4/20/21,1777.85
2021-04-21,4/21/21,1798.2
2021-04-22,4/22/21,1787.75
2021-04-23,4/23/21,1781.8
2021-04-26,4/26/21,1773.35
2021-04-27,4/27/21,1784.15
2021-04-28,4/28/21,1772.2
2021-04-29,4/29/21,1762.65
2021-04-30,4/30/21,1767.65
2021-05-04,5/4/21,1797.75
2021-05-05,5/5/21,1782.25
2021-05-06,5/6/21,1813.15
2021-05-07,5/7/21,1836.55
2021-05-10,5/10/21,1840.45
2021-05-11,5/11/21,1829.1
2021-05-12,5/12/21,1830.7
2021-05-13,5/13/21,1821.8
2021-05-14,5/14/21,1838.1
2021-05-17,5/17/21,1853.7
2021-05-18,5/18/21,1866.75
2021-05-19,5/19/21,1888.45
2021-05-20,5/20/21,1878.3
2021-05-21,5/21/21,1875.9
2021-05-24,5/24/21,1880.15
2021-05-25,5/25/21,1887.0
2021-05-26,5/26/21,1899.75
2021-05-27,5/27/21,1891.45
2021-05-28,5/28/21,1899.95
2021-06-01,6/1/21,1899.35
2021-06-02,6/2/21,1902.75
2021-06-03,6/3/21,1866.55
2021-06-04,6/4/21,1890.6
2021-06-07,6/7/21,1888.4
2021-06-08,6/8/21,1893.15
2021-06-09,6/9/21,1894.6
2021-06-10,6/10/21,1888.65
2021-06-11,6/11/21,1881.05
2021-06-14,6/14/21,1865.6
2021-06-15,6/15/21,1865.1
2021-06-16,6/16/21,1860.75
2021-06-17,6/17/21,1778.7
2021-06-18,6/18/21,1773.1
2021-06-21,6/21/21,1775.05
2021-06-22,6/22/21,1775.05
2021-06-23,6/23/21,1791.6
2021-06-24,6/24/21,1784.85
2021-06-25,6/25/21,1786.65
2021-06-28,6/28/21,1780.3
2021-06-29,6/29/21,1755.45
2021-06-30,6/30/21,1763.15
2021-07-01,7/1/21,1781.5
2021-07-02,7/2/21,1786.15
2021-07-05,7/5/21,1791.35
2021-07-06,7/6/21,1809.85
2021-07-07,7/7/21,1804.65
2021-07-08,7/8/21,1807.7
2021-07-09,7/9/21,1806.0
2021-07-12,7/12/21,1792.4
2021-07-13,7/13/21,1813.85
2021-07-14,7/14/21,1823.2
2021-07-15,7/15/21,1823.75
2021-07-16,7/16/21,1824.3
2021-07-19,7/19/21,1814.9
2021-07-20,7/20/21,1823.05
2021-07-21,7/21/21,1802.15
2021-07-22,7/22/21,1799.45
2021-07-23,7/23/21,1799.6
2021-07-26,7/26/21,1800.2
2021-07-27,7/27/21,1800.35
2021-07-28,7/28/21,1796.6
2021-07-29,7/29/21,1829.3
2021-07-30,7/30/21,1825.75
2021-08-02,8/2/21,1811.45
2021-08-03,8/3/21,1812.65
2021-08-04,8/4/21,1829.1
2021-08-05,8/5/21,1800.75
2021-08-06,8/6/21,1762.9
2021-08-09,8/9/21,1738.85
2021-08-10,8/10/21,1723.35
2021-08-11,8/11/21,1743.6
2021-08-12,8/12/21,1747.4
2021-08-13,8/13/21,1773.85
2021-08-16,8/16/21,1786.35
2021-08-17,8/17/21,1789.45
2021-08-18,8/18/21,1783.45
2021-08-19,8/19/21,1782.05
2021-08-20,8/20/21,1779.05
2021-08-23,8/23/21,1802.0
2021-08-24,8/24/21,1808.45
2021-08-25,8/25/21,1788.7
2021-08-26,8/26/21,1786.6
2021-08-27,8/27/21,1798.5
2021-08-31,8/31/21,1814.85
2021-09-01,9/1/21,1811.8
2021-09-02,9/2/21,1812.55
2021-09-03,9/3/21,1823.7
2021-09-06,9/6/21,1821.6
2021-09-07,9/7/21,1802.15
2021-09-08,9/8/21,1786.0
2021-09-09,9/9/21,1788.25
2021-09-10,9/10/21,1794.6
